﻿{"data":[{"AllowedToDelegate":[],"PrimaryGroupSID":"S-1-5-21-1405206085-1650434706-76331420-513","HasSIDHistory":[],"SPNTargets":[],"Aces":[{"PrincipalSID":"S-1-5-21-1405206085-1650434706-76331420-512","PrincipalType":"Group","RightName":"Owns","IsInherited":false},{"PrincipalSID":"VULNNET.LOCAL-S-1-5-32-544","PrincipalType":"Group","RightName":"WriteDacl","IsInherited":false},{"PrincipalSID":"VULNNET.LOCAL-S-1-5-32-544","PrincipalType":"Group","RightName":"WriteOwner","IsInherited":false},{"PrincipalSID":"VULNNET.LOCAL-S-1-5-32-544","PrincipalType":"Group","RightName":"AllExtendedRights","IsInherited":false},{"PrincipalSID":"VULNNET.LOCAL-S-1-5-32-544","PrincipalType":"Group","RightName":"GenericWrite","IsInherited":false},{"PrincipalSID":"S-1-5-21-1405206085-1650434706-76331420-512","PrincipalType":"Group","RightName":"WriteDacl","IsInherited":false},{"PrincipalSID":"S-1-5-21-1405206085-1650434706-76331420-512","PrincipalType":"Group","RightName":"WriteOwner","IsInherited":false},{"PrincipalSID":"S-1-5-21-1405206085-1650434706-76331420-512","PrincipalType":"Group","RightName":"AllExtendedRights","IsInherited":false},{"PrincipalSID":"S-1-5-21-1405206085-1650434706-76331420-512","PrincipalType":"Group","RightName":"GenericWrite","IsInherited":false},{"PrincipalSID":"S-1-5-21-1405206085-1650434706-76331420-519","PrincipalType":"Group","RightName":"WriteDacl","IsInherited":false},{"PrincipalSID":"S-1-5-21-1405206085-1650434706-76331420-519","PrincipalType":"Group","RightName":"WriteOwner","IsInherited":false},{"PrincipalSID":"S-1-5-21-1405206085-1650434706-76331420-519","PrincipalType":"Group","RightName":"AllExtendedRights","IsInherited":false},{"PrincipalSID":"S-1-5-21-1405206085-1650434706-76331420-519","PrincipalType":"Group","RightName":"GenericWrite","IsInherited":false}],"ObjectIdentifier":"S-1-5-21-1405206085-1650434706-76331420-500","IsDeleted":false,"IsACLProtected":true,"Properties":{"domain":"VULNNET.LOCAL","name":"ADMINISTRATOR@VULNNET.LOCAL","distinguishedname":"CN=ADMINISTRATOR,CN=USERS,DC=VULNNET,DC=LOCAL","domainsid":"S-1-5-21-1405206085-1650434706-76331420","highvalue":false,"description":"Built-in account for administering the computer/domain","whencreated":1614043835,"sensitive":false,"dontreqpreauth":false,"passwordnotreqd":false,"unconstraineddelegation":false,"pwdneverexpires":true,"enabled":true,"trustedtoauth":false,"lastlogon":1614367337,"lastlogontimestamp":1614072977,"pwdlastset":1614127740,"serviceprincipalnames":[],"hasspn":false,"displayname":null,"email":null,"title":null,"homedirectory":null,"userpassword":null,"unixpassword":null,"unicodepassword":null,"sfupassword":null,"admincount":true,"sidhistory":[]}},{"AllowedToDelegate":[],"PrimaryGroupSID":"S-1-5-21-1405206085-1650434706-76331420-513","HasSIDHistory":[],"SPNTargets":[],"Aces":[{"PrincipalSID":"S-1-5-21-1405206085-1650434706-76331420-512","PrincipalType":"Group","RightName":"Owns","IsInherited":false},{"PrincipalSID":"VULNNET.LOCAL-S-1-5-32-544","PrincipalType":"Group","RightName":"WriteDacl","IsInherited":false},{"PrincipalSID":"VULNNET.LOCAL-S-1-5-32-544","PrincipalType":"Group","RightName":"WriteOwner","IsInherited":false},{"PrincipalSID":"VULNNET.LOCAL-S-1-5-32-544","PrincipalType":"Group","RightName":"AllExtendedRights","IsInherited":false},{"PrincipalSID":"VULNNET.LOCAL-S-1-5-32-544","PrincipalType":"Group","RightName":"GenericWrite","IsInherited":false},{"PrincipalSID":"S-1-5-21-1405206085-1650434706-76331420-512","PrincipalType":"Group","RightName":"WriteDacl","IsInherited":false},{"PrincipalSID":"S-1-5-21-1405206085-1650434706-76331420-512","PrincipalType":"Group","RightName":"WriteOwner","IsInherited":false},{"PrincipalSID":"S-1-5-21-1405206085-1650434706-76331420-512","PrincipalType":"Group","RightName":"AllExtendedRights","IsInherited":false},{"PrincipalSID":"S-1-5-21-1405206085-1650434706-76331420-512","PrincipalType":"Group","RightName":"GenericWrite","IsInherited":false},{"PrincipalSID":"S-1-5-21-1405206085-1650434706-76331420-519","PrincipalType":"Group","RightName":"WriteDacl","IsInherited":false},{"PrincipalSID":"S-1-5-21-1405206085-1650434706-76331420-519","PrincipalType":"Group","RightName":"WriteOwner","IsInherited":false},{"PrincipalSID":"S-1-5-21-1405206085-1650434706-76331420-519","PrincipalType":"Group","RightName":"AllExtendedRights","IsInherited":false},{"PrincipalSID":"S-1-5-21-1405206085-1650434706-76331420-519","PrincipalType":"Group","RightName":"GenericWrite","IsInherited":false}],"ObjectIdentifier":"S-1-5-21-1405206085-1650434706-76331420-502","IsDeleted":false,"IsACLProtected":true,"Properties":{"domain":"VULNNET.LOCAL","name":"KRBTGT@VULNNET.LOCAL","distinguishedname":"CN=KRBTGT,CN=USERS,DC=VULNNET,DC=LOCAL","domainsid":"S-1-5-21-1405206085-1650434706-76331420","highvalue":false,"description":"Key Distribution Center Service Account","whencreated":1614043927,"sensitive":false,"dontreqpreauth":false,"passwordnotreqd":false,"unconstraineddelegation":false,"pwdneverexpires":false,"enabled":false,"trustedtoauth":false,"lastlogon":0,"lastlogontimestamp":-1,"pwdlastset":1614072727,"serviceprincipalnames":["kadmin/changepw"],"hasspn":true,"displayname":null,"email":null,"title":null,"homedirectory":null,"userpassword":null,"unixpassword":null,"unicodepassword":null,"sfupassword":null,"admincount":true,"sidhistory":[]}},{"AllowedToDelegate":[],"PrimaryGroupSID":"S-1-5-21-1405206085-1650434706-76331420-513","HasSIDHistory":[],"SPNTargets":[],"Aces":[{"PrincipalSID":"S-1-5-21-1405206085-1650434706-76331420-512","PrincipalType":"Group","RightName":"Owns","IsInherited":false},{"PrincipalSID":"VULNNET.LOCAL-S-1-5-32-548","PrincipalType":"Group","RightName":"GenericAll","IsInherited":false},{"PrincipalSID":"S-1-5-21-1405206085-1650434706-76331420-512","PrincipalType":"Group","RightName":"GenericAll","IsInherited":false},{"PrincipalSID":"S-1-5-21-1405206085-1650434706-76331420-526","PrincipalType":"Group","RightName":"AddKeyCredentialLink","IsInherited":true},{"PrincipalSID":"S-1-5-21-1405206085-1650434706-76331420-527","PrincipalType":"Group","RightName":"AddKeyCredentialLink","IsInherited":true},{"PrincipalSID":"S-1-5-21-1405206085-1650434706-76331420-519","PrincipalType":"Group","RightName":"GenericAll","IsInherited":true},{"PrincipalSID":"VULNNET.LOCAL-S-1-5-32-544","PrincipalType":"Group","RightName":"WriteDacl","IsInherited":true},{"PrincipalSID":"VULNNET.LOCAL-S-1-5-32-544","PrincipalType":"Group","RightName":"WriteOwner","IsInherited":true},{"PrincipalSID":"VULNNET.LOCAL-S-1-5-32-544","PrincipalType":"Group","RightName":"AllExtendedRights","IsInherited":true},{"PrincipalSID":"VULNNET.LOCAL-S-1-5-32-544","PrincipalType":"Group","RightName":"GenericWrite","IsInherited":true}],"ObjectIdentifier":"S-1-5-21-1405206085-1650434706-76331420-1103","IsDeleted":false,"IsACLProtected":false,"Properties":{"domain":"VULNNET.LOCAL","name":"ENTERPRISE-SECURITY@VULNNET.LOCAL","distinguishedname":"CN=ENTERPRISE SECURITY,CN=USERS,DC=VULNNET,DC=LOCAL","domainsid":"S-1-5-21-1405206085-1650434706-76331420","highvalue":false,"description":"TryHackMe","whencreated":1614088359,"sensitive":false,"dontreqpreauth":false,"passwordnotreqd":false,"unconstraineddelegation":false,"pwdneverexpires":true,"enabled":true,"trustedtoauth":false,"lastlogon":1657978207,"lastlogontimestamp":1657978207,"pwdlastset":1614121297,"serviceprincipalnames":[],"hasspn":false,"displayname":"Enterprise Security","email":null,"title":null,"homedirectory":null,"userpassword":null,"unixpassword":null,"unicodepassword":null,"sfupassword":null,"admincount":false,"sidhistory":[]}},{"AllowedToDelegate":[],"PrimaryGroupSID":"S-1-5-21-1405206085-1650434706-76331420-513","HasSIDHistory":[],"SPNTargets":[],"Aces":[{"PrincipalSID":"S-1-5-21-1405206085-1650434706-76331420-512","PrincipalType":"Group","RightName":"Owns","IsInherited":false},{"PrincipalSID":"VULNNET.LOCAL-S-1-5-32-548","PrincipalType":"Group","RightName":"GenericAll","IsInherited":false},{"PrincipalSID":"S-1-5-21-1405206085-1650434706-76331420-512","PrincipalType":"Group","RightName":"GenericAll","IsInherited":false},{"PrincipalSID":"S-1-5-21-1405206085-1650434706-76331420-526","PrincipalType":"Group","RightName":"AddKeyCredentialLink","IsInherited":true},{"PrincipalSID":"S-1-5-21-1405206085-1650434706-76331420-527","PrincipalType":"Group","RightName":"AddKeyCredentialLink","IsInherited":true},{"PrincipalSID":"S-1-5-21-1405206085-1650434706-76331420-519","PrincipalType":"Group","RightName":"GenericAll","IsInherited":true},{"PrincipalSID":"VULNNET.LOCAL-S-1-5-32-544","PrincipalType":"Group","RightName":"WriteDacl","IsInherited":true},{"PrincipalSID":"VULNNET.LOCAL-S-1-5-32-544","PrincipalType":"Group","RightName":"WriteOwner","IsInherited":true},{"PrincipalSID":"VULNNET.LOCAL-S-1-5-32-544","PrincipalType":"Group","RightName":"AllExtendedRights","IsInherited":true},{"PrincipalSID":"VULNNET.LOCAL-S-1-5-32-544","PrincipalType":"Group","RightName":"GenericWrite","IsInherited":true}],"ObjectIdentifier":"S-1-5-21-1405206085-1650434706-76331420-1104","IsDeleted":false,"IsACLProtected":false,"Properties":{"domain":"VULNNET.LOCAL","name":"JACK-GOLDENHAND@VULNNET.LOCAL","distinguishedname":"CN=JACK GOLDENHAND,CN=USERS,DC=VULNNET,DC=LOCAL","domainsid":"S-1-5-21-1405206085-1650434706-76331420","highvalue":false,"description":null,"whencreated":1614088496,"sensitive":false,"dontreqpreauth":false,"passwordnotreqd":false,"unconstraineddelegation":false,"pwdneverexpires":true,"enabled":true,"trustedtoauth":false,"lastlogon":0,"lastlogontimestamp":-1,"pwdlastset":1614117297,"serviceprincipalnames":[],"hasspn":false,"displayname":"Jack Goldenhand","email":null,"title":null,"homedirectory":null,"userpassword":null,"unixpassword":null,"unicodepassword":null,"sfupassword":null,"admincount":false,"sidhistory":[]}},{"AllowedToDelegate":[],"PrimaryGroupSID":"S-1-5-21-1405206085-1650434706-76331420-513","HasSIDHistory":[],"SPNTargets":[],"Aces":[{"PrincipalSID":"S-1-5-21-1405206085-1650434706-76331420-512","PrincipalType":"Group","RightName":"Owns","IsInherited":false},{"PrincipalSID":"VULNNET.LOCAL-S-1-5-32-548","PrincipalType":"Group","RightName":"GenericAll","IsInherited":false},{"PrincipalSID":"S-1-5-21-1405206085-1650434706-76331420-512","PrincipalType":"Group","RightName":"GenericAll","IsInherited":false},{"PrincipalSID":"S-1-5-21-1405206085-1650434706-76331420-526","PrincipalType":"Group","RightName":"AddKeyCredentialLink","IsInherited":true},{"PrincipalSID":"S-1-5-21-1405206085-1650434706-76331420-527","PrincipalType":"Group","RightName":"AddKeyCredentialLink","IsInherited":true},{"PrincipalSID":"S-1-5-21-1405206085-1650434706-76331420-519","PrincipalType":"Group","RightName":"GenericAll","IsInherited":true},{"PrincipalSID":"VULNNET.LOCAL-S-1-5-32-544","PrincipalType":"Group","RightName":"WriteDacl","IsInherited":true},{"PrincipalSID":"VULNNET.LOCAL-S-1-5-32-544","PrincipalType":"Group","RightName":"WriteOwner","IsInherited":true},{"PrincipalSID":"VULNNET.LOCAL-S-1-5-32-544","PrincipalType":"Group","RightName":"AllExtendedRights","IsInherited":true},{"PrincipalSID":"VULNNET.LOCAL-S-1-5-32-544","PrincipalType":"Group","RightName":"GenericWrite","IsInherited":true}],"ObjectIdentifier":"S-1-5-21-1405206085-1650434706-76331420-1105","IsDeleted":false,"IsACLProtected":false,"Properties":{"domain":"VULNNET.LOCAL","name":"TONY-SKID@VULNNET.LOCAL","distinguishedname":"CN=TONY SKID,CN=USERS,DC=VULNNET,DC=LOCAL","domainsid":"S-1-5-21-1405206085-1650434706-76331420","highvalue":false,"description":null,"whencreated":1614088611,"sensitive":false,"dontreqpreauth":false,"passwordnotreqd":false,"unconstraineddelegation":false,"pwdneverexpires":true,"enabled":true,"trustedtoauth":false,"lastlogon":0,"lastlogontimestamp":-1,"pwdlastset":1614117413,"serviceprincipalnames":[],"hasspn":false,"displayname":"Tony Skid","email":null,"title":null,"homedirectory":null,"userpassword":null,"unixpassword":null,"unicodepassword":null,"sfupassword":null,"admincount":false,"sidhistory":[]}},{"AllowedToDelegate":[],"PrimaryGroupSID":"S-1-5-21-1405206085-1650434706-76331420-514","HasSIDHistory":[],"SPNTargets":[],"Aces":[{"PrincipalSID":"VULNNET.LOCAL-S-1-5-32-544","PrincipalType":"Group","RightName":"Owns","IsInherited":false},{"PrincipalSID":"VULNNET.LOCAL-S-1-5-32-548","PrincipalType":"Group","RightName":"GenericAll","IsInherited":false},{"PrincipalSID":"S-1-5-21-1405206085-1650434706-76331420-512","PrincipalType":"Group","RightName":"GenericAll","IsInherited":false},{"PrincipalSID":"S-1-5-21-1405206085-1650434706-76331420-526","PrincipalType":"Group","RightName":"AddKeyCredentialLink","IsInherited":true},{"PrincipalSID":"S-1-5-21-1405206085-1650434706-76331420-527","PrincipalType":"Group","RightName":"AddKeyCredentialLink","IsInherited":true},{"PrincipalSID":"S-1-5-21-1405206085-1650434706-76331420-519","PrincipalType":"Group","RightName":"GenericAll","IsInherited":true},{"PrincipalSID":"VULNNET.LOCAL-S-1-5-32-544","PrincipalType":"Group","RightName":"WriteDacl","IsInherited":true},{"PrincipalSID":"VULNNET.LOCAL-S-1-5-32-544","PrincipalType":"Group","RightName":"WriteOwner","IsInherited":true},{"PrincipalSID":"VULNNET.LOCAL-S-1-5-32-544","PrincipalType":"Group","RightName":"AllExtendedRights","IsInherited":true},{"PrincipalSID":"VULNNET.LOCAL-S-1-5-32-544","PrincipalType":"Group","RightName":"GenericWrite","IsInherited":true}],"ObjectIdentifier":"S-1-5-21-1405206085-1650434706-76331420-501","IsDeleted":false,"IsACLProtected":false,"Properties":{"domain":"VULNNET.LOCAL","name":"GUEST@VULNNET.LOCAL","distinguishedname":"CN=GUEST,CN=USERS,DC=VULNNET,DC=LOCAL","domainsid":"S-1-5-21-1405206085-1650434706-76331420","highvalue":false,"description":"Built-in account for guest access to the computer/domain","whencreated":1614043835,"sensitive":false,"dontreqpreauth":false,"passwordnotreqd":true,"unconstraineddelegation":false,"pwdneverexpires":true,"enabled":false,"trustedtoauth":false,"lastlogon":0,"lastlogontimestamp":-1,"pwdlastset":0,"serviceprincipalnames":[],"hasspn":false,"displayname":null,"email":null,"title":null,"homedirectory":null,"userpassword":null,"unixpassword":null,"unicodepassword":null,"sfupassword":null,"admincount":false,"sidhistory":[]}}],"meta":{"methods":29675,"type":"users","count":6,"version":4}}