﻿{"data":[{"PrimaryGroupSID":"S-1-5-21-1405206085-1650434706-76331420-516","AllowedToDelegate":[],"AllowedToAct":[],"HasSIDHistory":[],"Sessions":{"Results":[],"Collected":true,"FailureReason":null},"PrivilegedSessions":{"Results":[],"Collected":false,"FailureReason":null},"RegistrySessions":{"Results":[],"Collected":false,"FailureReason":null},"LocalAdmins":{"Results":[{"ObjectIdentifier":"S-1-5-21-1405206085-1650434706-76331420-500","ObjectType":"User"},{"ObjectIdentifier":"S-1-5-21-1405206085-1650434706-76331420-519","ObjectType":"Group"},{"ObjectIdentifier":"S-1-5-21-1405206085-1650434706-76331420-512","ObjectType":"Group"}],"Collected":true,"FailureReason":null},"RemoteDesktopUsers":{"Results":[],"Collected":true,"FailureReason":null},"DcomUsers":{"Results":[],"Collected":true,"FailureReason":null},"PSRemoteUsers":{"Results":[],"Collected":true,"FailureReason":null},"Status":null,"Aces":[{"PrincipalSID":"S-1-5-21-1405206085-1650434706-76331420-512","PrincipalType":"Group","RightName":"Owns","IsInherited":false},{"PrincipalSID":"S-1-5-21-1405206085-1650434706-76331420-512","PrincipalType":"Group","RightName":"GenericAll","IsInherited":false},{"PrincipalSID":"S-1-5-21-1405206085-1650434706-76331420-526","PrincipalType":"Group","RightName":"AddKeyCredentialLink","IsInherited":true},{"PrincipalSID":"S-1-5-21-1405206085-1650434706-76331420-527","PrincipalType":"Group","RightName":"AddKeyCredentialLink","IsInherited":true},{"PrincipalSID":"S-1-5-21-1405206085-1650434706-76331420-519","PrincipalType":"Group","RightName":"GenericAll","IsInherited":true},{"PrincipalSID":"VULNNET.LOCAL-S-1-5-32-544","PrincipalType":"Group","RightName":"WriteDacl","IsInherited":true},{"PrincipalSID":"VULNNET.LOCAL-S-1-5-32-544","PrincipalType":"Group","RightName":"WriteOwner","IsInherited":true},{"PrincipalSID":"VULNNET.LOCAL-S-1-5-32-544","PrincipalType":"Group","RightName":"GenericWrite","IsInherited":true}],"ObjectIdentifier":"S-1-5-21-1405206085-1650434706-76331420-1000","IsDeleted":false,"IsACLProtected":false,"Properties":{"domain":"VULNNET.LOCAL","name":"VULNNET-BC3TCK1SHNQ.VULNNET.LOCAL","distinguishedname":"CN=VULNNET-BC3TCK1,OU=DOMAIN CONTROLLERS,DC=VULNNET,DC=LOCAL","domainsid":"S-1-5-21-1405206085-1650434706-76331420","highvalue":false,"haslaps":false,"description":null,"whencreated":1614043926,"enabled":true,"unconstraineddelegation":true,"trustedtoauth":false,"lastlogon":1657978219,"lastlogontimestamp":1657978195,"pwdlastset":1657979108,"serviceprincipalnames":["TERMSRV/VULNNET-BC3TCK1","TERMSRV/VULNNET-BC3TCK1SHNQ.vulnnet.local","Dfsr-12F9A27C-BF97-4787-9364-D31B6C55EB04/VULNNET-BC3TCK1SHNQ.vulnnet.local","ldap/VULNNET-BC3TCK1SHNQ.vulnnet.local/ForestDnsZones.vulnnet.local","ldap/VULNNET-BC3TCK1SHNQ.vulnnet.local/DomainDnsZones.vulnnet.local","DNS/VULNNET-BC3TCK1SHNQ.vulnnet.local","GC/VULNNET-BC3TCK1SHNQ.vulnnet.local/vulnnet.local","RestrictedKrbHost/VULNNET-BC3TCK1SHNQ.vulnnet.local","RestrictedKrbHost/VULNNET-BC3TCK1","RPC/c6aeab4f-8bc7-455d-8799-ad37b74d68f9._msdcs.vulnnet.local","HOST/VULNNET-BC3TCK1/VULNNET","HOST/VULNNET-BC3TCK1SHNQ.vulnnet.local/VULNNET","HOST/VULNNET-BC3TCK1","HOST/VULNNET-BC3TCK1SHNQ.vulnnet.local","HOST/VULNNET-BC3TCK1SHNQ.vulnnet.local/vulnnet.local","E3514235-4B06-11D1-AB04-00C04FC2DCD2/c6aeab4f-8bc7-455d-8799-ad37b74d68f9/vulnnet.local","ldap/VULNNET-BC3TCK1/VULNNET","ldap/c6aeab4f-8bc7-455d-8799-ad37b74d68f9._msdcs.vulnnet.local","ldap/VULNNET-BC3TCK1SHNQ.vulnnet.local/VULNNET","ldap/VULNNET-BC3TCK1","ldap/VULNNET-BC3TCK1SHNQ.vulnnet.local","ldap/VULNNET-BC3TCK1SHNQ.vulnnet.local/vulnnet.local"],"operatingsystem":"Windows Server 2019 Datacenter Evaluation","sidhistory":[]}}],"meta":{"methods":29675,"type":"computers","count":1,"version":4}}