﻿{"data":[{"Members":[],"Aces":[{"PrincipalSID":"S-1-5-21-1405206085-1650434706-76331420-512","PrincipalType":"Group","RightName":"Owns","IsInherited":false},{"PrincipalSID":"VULNNET.LOCAL-S-1-5-32-544","PrincipalType":"Group","RightName":"WriteDacl","IsInherited":false},{"PrincipalSID":"VULNNET.LOCAL-S-1-5-32-544","PrincipalType":"Group","RightName":"WriteOwner","IsInherited":false},{"PrincipalSID":"VULNNET.LOCAL-S-1-5-32-544","PrincipalType":"Group","RightName":"GenericWrite","IsInherited":false},{"PrincipalSID":"S-1-5-21-1405206085-1650434706-76331420-512","PrincipalType":"Group","RightName":"WriteDacl","IsInherited":false},{"PrincipalSID":"S-1-5-21-1405206085-1650434706-76331420-512","PrincipalType":"Group","RightName":"WriteOwner","IsInherited":false},{"PrincipalSID":"S-1-5-21-1405206085-1650434706-76331420-512","PrincipalType":"Group","RightName":"GenericWrite","IsInherited":false},{"PrincipalSID":"S-1-5-21-1405206085-1650434706-76331420-519","PrincipalType":"Group","RightName":"WriteDacl","IsInherited":false},{"PrincipalSID":"S-1-5-21-1405206085-1650434706-76331420-519","PrincipalType":"Group","RightName":"WriteOwner","IsInherited":false},{"PrincipalSID":"S-1-5-21-1405206085-1650434706-76331420-519","PrincipalType":"Group","RightName":"GenericWrite","IsInherited":false}],"ObjectIdentifier":"VULNNET.LOCAL-S-1-5-32-550","IsDeleted":false,"IsACLProtected":true,"Properties":{"domain":"VULNNET.LOCAL","name":"PRINT OPERATORS@VULNNET.LOCAL","distinguishedname":"CN=PRINT OPERATORS,CN=BUILTIN,DC=VULNNET,DC=LOCAL","domainsid":"S-1-5-21-1405206085-1650434706-76331420","highvalue":true,"description":"Members can administer printers installed on domain controllers","whencreated":1614043835,"admincount":true}},{"Members":[],"Aces":[{"PrincipalSID":"S-1-5-21-1405206085-1650434706-76331420-512","PrincipalType":"Group","RightName":"Owns","IsInherited":false},{"PrincipalSID":"VULNNET.LOCAL-S-1-5-32-544","PrincipalType":"Group","RightName":"WriteDacl","IsInherited":false},{"PrincipalSID":"VULNNET.LOCAL-S-1-5-32-544","PrincipalType":"Group","RightName":"WriteOwner","IsInherited":false},{"PrincipalSID":"VULNNET.LOCAL-S-1-5-32-544","PrincipalType":"Group","RightName":"GenericWrite","IsInherited":false},{"PrincipalSID":"S-1-5-21-1405206085-1650434706-76331420-512","PrincipalType":"Group","RightName":"WriteDacl","IsInherited":false},{"PrincipalSID":"S-1-5-21-1405206085-1650434706-76331420-512","PrincipalType":"Group","RightName":"WriteOwner","IsInherited":false},{"PrincipalSID":"S-1-5-21-1405206085-1650434706-76331420-512","PrincipalType":"Group","RightName":"GenericWrite","IsInherited":false},{"PrincipalSID":"S-1-5-21-1405206085-1650434706-76331420-519","PrincipalType":"Group","RightName":"WriteDacl","IsInherited":false},{"PrincipalSID":"S-1-5-21-1405206085-1650434706-76331420-519","PrincipalType":"Group","RightName":"WriteOwner","IsInherited":false},{"PrincipalSID":"S-1-5-21-1405206085-1650434706-76331420-519","PrincipalType":"Group","RightName":"GenericWrite","IsInherited":false}],"ObjectIdentifier":"VULNNET.LOCAL-S-1-5-32-551","IsDeleted":false,"IsACLProtected":true,"Properties":{"domain":"VULNNET.LOCAL","name":"BACKUP OPERATORS@VULNNET.LOCAL","distinguishedname":"CN=BACKUP OPERATORS,CN=BUILTIN,DC=VULNNET,DC=LOCAL","domainsid":"S-1-5-21-1405206085-1650434706-76331420","highvalue":true,"description":"Backup Operators can override security restrictions for the sole purpose of backing up or restoring files","whencreated":1614043835,"admincount":true}},{"Members":[{"ObjectIdentifier":"S-1-5-21-1405206085-1650434706-76331420-500","ObjectType":"User"}],"Aces":[{"PrincipalSID":"S-1-5-21-1405206085-1650434706-76331420-512","PrincipalType":"Group","RightName":"Owns","IsInherited":false},{"PrincipalSID":"VULNNET.LOCAL-S-1-5-32-544","PrincipalType":"Group","RightName":"WriteDacl","IsInherited":false},{"PrincipalSID":"VULNNET.LOCAL-S-1-5-32-544","PrincipalType":"Group","RightName":"WriteOwner","IsInherited":false},{"PrincipalSID":"VULNNET.LOCAL-S-1-5-32-544","PrincipalType":"Group","RightName":"GenericWrite","IsInherited":false},{"PrincipalSID":"S-1-5-21-1405206085-1650434706-76331420-512","PrincipalType":"Group","RightName":"WriteDacl","IsInherited":false},{"PrincipalSID":"S-1-5-21-1405206085-1650434706-76331420-512","PrincipalType":"Group","RightName":"WriteOwner","IsInherited":false},{"PrincipalSID":"S-1-5-21-1405206085-1650434706-76331420-512","PrincipalType":"Group","RightName":"GenericWrite","IsInherited":false},{"PrincipalSID":"S-1-5-21-1405206085-1650434706-76331420-519","PrincipalType":"Group","RightName":"WriteDacl","IsInherited":false},{"PrincipalSID":"S-1-5-21-1405206085-1650434706-76331420-519","PrincipalType":"Group","RightName":"WriteOwner","IsInherited":false},{"PrincipalSID":"S-1-5-21-1405206085-1650434706-76331420-519","PrincipalType":"Group","RightName":"GenericWrite","IsInherited":false}],"ObjectIdentifier":"S-1-5-21-1405206085-1650434706-76331420-518","IsDeleted":false,"IsACLProtected":true,"Properties":{"domain":"VULNNET.LOCAL","name":"SCHEMA ADMINS@VULNNET.LOCAL","distinguishedname":"CN=SCHEMA ADMINS,CN=USERS,DC=VULNNET,DC=LOCAL","domainsid":"S-1-5-21-1405206085-1650434706-76331420","highvalue":false,"description":"Designated administrators of the schema","whencreated":1614043927,"admincount":true}},{"Members":[{"ObjectIdentifier":"S-1-5-21-1405206085-1650434706-76331420-500","ObjectType":"User"}],"Aces":[{"PrincipalSID":"S-1-5-21-1405206085-1650434706-76331420-512","PrincipalType":"Group","RightName":"Owns","IsInherited":false},{"PrincipalSID":"VULNNET.LOCAL-S-1-5-32-544","PrincipalType":"Group","RightName":"WriteDacl","IsInherited":false},{"PrincipalSID":"VULNNET.LOCAL-S-1-5-32-544","PrincipalType":"Group","RightName":"WriteOwner","IsInherited":false},{"PrincipalSID":"VULNNET.LOCAL-S-1-5-32-544","PrincipalType":"Group","RightName":"GenericWrite","IsInherited":false},{"PrincipalSID":"S-1-5-21-1405206085-1650434706-76331420-512","PrincipalType":"Group","RightName":"WriteDacl","IsInherited":false},{"PrincipalSID":"S-1-5-21-1405206085-1650434706-76331420-512","PrincipalType":"Group","RightName":"WriteOwner","IsInherited":false},{"PrincipalSID":"S-1-5-21-1405206085-1650434706-76331420-512","PrincipalType":"Group","RightName":"GenericWrite","IsInherited":false},{"PrincipalSID":"S-1-5-21-1405206085-1650434706-76331420-519","PrincipalType":"Group","RightName":"WriteDacl","IsInherited":false},{"PrincipalSID":"S-1-5-21-1405206085-1650434706-76331420-519","PrincipalType":"Group","RightName":"WriteOwner","IsInherited":false},{"PrincipalSID":"S-1-5-21-1405206085-1650434706-76331420-519","PrincipalType":"Group","RightName":"GenericWrite","IsInherited":false}],"ObjectIdentifier":"S-1-5-21-1405206085-1650434706-76331420-519","IsDeleted":false,"IsACLProtected":true,"Properties":{"domain":"VULNNET.LOCAL","name":"ENTERPRISE ADMINS@VULNNET.LOCAL","distinguishedname":"CN=ENTERPRISE ADMINS,CN=USERS,DC=VULNNET,DC=LOCAL","domainsid":"S-1-5-21-1405206085-1650434706-76331420","highvalue":true,"description":"Designated administrators of the enterprise","whencreated":1614043927,"admincount":true}},{"Members":[{"ObjectIdentifier":"S-1-5-21-1405206085-1650434706-76331420-500","ObjectType":"User"}],"Aces":[{"PrincipalSID":"S-1-5-21-1405206085-1650434706-76331420-512","PrincipalType":"Group","RightName":"Owns","IsInherited":false},{"PrincipalSID":"VULNNET.LOCAL-S-1-5-32-544","PrincipalType":"Group","RightName":"WriteDacl","IsInherited":false},{"PrincipalSID":"VULNNET.LOCAL-S-1-5-32-544","PrincipalType":"Group","RightName":"WriteOwner","IsInherited":false},{"PrincipalSID":"VULNNET.LOCAL-S-1-5-32-544","PrincipalType":"Group","RightName":"GenericWrite","IsInherited":false},{"PrincipalSID":"S-1-5-21-1405206085-1650434706-76331420-512","PrincipalType":"Group","RightName":"WriteDacl","IsInherited":false},{"PrincipalSID":"S-1-5-21-1405206085-1650434706-76331420-512","PrincipalType":"Group","RightName":"WriteOwner","IsInherited":false},{"PrincipalSID":"S-1-5-21-1405206085-1650434706-76331420-512","PrincipalType":"Group","RightName":"GenericWrite","IsInherited":false},{"PrincipalSID":"S-1-5-21-1405206085-1650434706-76331420-519","PrincipalType":"Group","RightName":"WriteDacl","IsInherited":false},{"PrincipalSID":"S-1-5-21-1405206085-1650434706-76331420-519","PrincipalType":"Group","RightName":"WriteOwner","IsInherited":false},{"PrincipalSID":"S-1-5-21-1405206085-1650434706-76331420-519","PrincipalType":"Group","RightName":"GenericWrite","IsInherited":false}],"ObjectIdentifier":"S-1-5-21-1405206085-1650434706-76331420-512","IsDeleted":false,"IsACLProtected":true,"Properties":{"domain":"VULNNET.LOCAL","name":"DOMAIN ADMINS@VULNNET.LOCAL","distinguishedname":"CN=DOMAIN ADMINS,CN=USERS,DC=VULNNET,DC=LOCAL","domainsid":"S-1-5-21-1405206085-1650434706-76331420","highvalue":true,"description":"Designated administrators of the domain","whencreated":1614043927,"admincount":true}},{"Members":[{"ObjectIdentifier":"S-1-5-21-1405206085-1650434706-76331420-500","ObjectType":"User"}],"Aces":[{"PrincipalSID":"S-1-5-21-1405206085-1650434706-76331420-512","PrincipalType":"Group","RightName":"Owns","IsInherited":false},{"PrincipalSID":"VULNNET.LOCAL-S-1-5-32-548","PrincipalType":"Group","RightName":"GenericAll","IsInherited":false},{"PrincipalSID":"S-1-5-21-1405206085-1650434706-76331420-512","PrincipalType":"Group","RightName":"GenericAll","IsInherited":false},{"PrincipalSID":"S-1-5-21-1405206085-1650434706-76331420-519","PrincipalType":"Group","RightName":"GenericAll","IsInherited":true},{"PrincipalSID":"VULNNET.LOCAL-S-1-5-32-544","PrincipalType":"Group","RightName":"WriteDacl","IsInherited":true},{"PrincipalSID":"VULNNET.LOCAL-S-1-5-32-544","PrincipalType":"Group","RightName":"WriteOwner","IsInherited":true},{"PrincipalSID":"VULNNET.LOCAL-S-1-5-32-544","PrincipalType":"Group","RightName":"GenericWrite","IsInherited":true}],"ObjectIdentifier":"S-1-5-21-1405206085-1650434706-76331420-520","IsDeleted":false,"IsACLProtected":false,"Properties":{"domain":"VULNNET.LOCAL","name":"GROUP POLICY CREATOR OWNERS@VULNNET.LOCAL","distinguishedname":"CN=GROUP POLICY CREATOR OWNERS,CN=USERS,DC=VULNNET,DC=LOCAL","domainsid":"S-1-5-21-1405206085-1650434706-76331420","highvalue":false,"description":"Members in this group can modify group policy for the domain","whencreated":1614043927,"admincount":false}},{"Members":[],"Aces":[{"PrincipalSID":"S-1-5-21-1405206085-1650434706-76331420-512","PrincipalType":"Group","RightName":"Owns","IsInherited":false},{"PrincipalSID":"VULNNET.LOCAL-S-1-5-32-544","PrincipalType":"Group","RightName":"WriteDacl","IsInherited":false},{"PrincipalSID":"VULNNET.LOCAL-S-1-5-32-544","PrincipalType":"Group","RightName":"WriteOwner","IsInherited":false},{"PrincipalSID":"VULNNET.LOCAL-S-1-5-32-544","PrincipalType":"Group","RightName":"GenericWrite","IsInherited":false},{"PrincipalSID":"S-1-5-21-1405206085-1650434706-76331420-512","PrincipalType":"Group","RightName":"WriteDacl","IsInherited":false},{"PrincipalSID":"S-1-5-21-1405206085-1650434706-76331420-512","PrincipalType":"Group","RightName":"WriteOwner","IsInherited":false},{"PrincipalSID":"S-1-5-21-1405206085-1650434706-76331420-512","PrincipalType":"Group","RightName":"GenericWrite","IsInherited":false},{"PrincipalSID":"S-1-5-21-1405206085-1650434706-76331420-519","PrincipalType":"Group","RightName":"WriteDacl","IsInherited":false},{"PrincipalSID":"S-1-5-21-1405206085-1650434706-76331420-519","PrincipalType":"Group","RightName":"WriteOwner","IsInherited":false},{"PrincipalSID":"S-1-5-21-1405206085-1650434706-76331420-519","PrincipalType":"Group","RightName":"GenericWrite","IsInherited":false}],"ObjectIdentifier":"S-1-5-21-1405206085-1650434706-76331420-516","IsDeleted":false,"IsACLProtected":true,"Properties":{"domain":"VULNNET.LOCAL","name":"DOMAIN CONTROLLERS@VULNNET.LOCAL","distinguishedname":"CN=DOMAIN CONTROLLERS,CN=USERS,DC=VULNNET,DC=LOCAL","domainsid":"S-1-5-21-1405206085-1650434706-76331420","highvalue":true,"description":"All domain controllers in the domain","whencreated":1614043927,"admincount":true}},{"Members":[{"ObjectIdentifier":"S-1-5-21-1405206085-1650434706-76331420-512","ObjectType":"Group"},{"ObjectIdentifier":"S-1-5-21-1405206085-1650434706-76331420-519","ObjectType":"Group"},{"ObjectIdentifier":"S-1-5-21-1405206085-1650434706-76331420-500","ObjectType":"User"}],"Aces":[{"PrincipalSID":"S-1-5-21-1405206085-1650434706-76331420-512","PrincipalType":"Group","RightName":"Owns","IsInherited":false},{"PrincipalSID":"VULNNET.LOCAL-S-1-5-32-544","PrincipalType":"Group","RightName":"WriteDacl","IsInherited":false},{"PrincipalSID":"VULNNET.LOCAL-S-1-5-32-544","PrincipalType":"Group","RightName":"WriteOwner","IsInherited":false},{"PrincipalSID":"VULNNET.LOCAL-S-1-5-32-544","PrincipalType":"Group","RightName":"GenericWrite","IsInherited":false},{"PrincipalSID":"S-1-5-21-1405206085-1650434706-76331420-512","PrincipalType":"Group","RightName":"WriteDacl","IsInherited":false},{"PrincipalSID":"S-1-5-21-1405206085-1650434706-76331420-512","PrincipalType":"Group","RightName":"WriteOwner","IsInherited":false},{"PrincipalSID":"S-1-5-21-1405206085-1650434706-76331420-512","PrincipalType":"Group","RightName":"GenericWrite","IsInherited":false},{"PrincipalSID":"S-1-5-21-1405206085-1650434706-76331420-519","PrincipalType":"Group","RightName":"WriteDacl","IsInherited":false},{"PrincipalSID":"S-1-5-21-1405206085-1650434706-76331420-519","PrincipalType":"Group","RightName":"WriteOwner","IsInherited":false},{"PrincipalSID":"S-1-5-21-1405206085-1650434706-76331420-519","PrincipalType":"Group","RightName":"GenericWrite","IsInherited":false}],"ObjectIdentifier":"VULNNET.LOCAL-S-1-5-32-544","IsDeleted":false,"IsACLProtected":true,"Properties":{"domain":"VULNNET.LOCAL","name":"ADMINISTRATORS@VULNNET.LOCAL","distinguishedname":"CN=ADMINISTRATORS,CN=BUILTIN,DC=VULNNET,DC=LOCAL","domainsid":"S-1-5-21-1405206085-1650434706-76331420","highvalue":true,"description":"Administrators have complete and unrestricted access to the computer/domain","whencreated":1614043835,"admincount":true}},{"Members":[],"Aces":[{"PrincipalSID":"S-1-5-21-1405206085-1650434706-76331420-512","PrincipalType":"Group","RightName":"Owns","IsInherited":false},{"PrincipalSID":"VULNNET.LOCAL-S-1-5-32-544","PrincipalType":"Group","RightName":"WriteDacl","IsInherited":false},{"PrincipalSID":"VULNNET.LOCAL-S-1-5-32-544","PrincipalType":"Group","RightName":"WriteOwner","IsInherited":false},{"PrincipalSID":"VULNNET.LOCAL-S-1-5-32-544","PrincipalType":"Group","RightName":"GenericWrite","IsInherited":false},{"PrincipalSID":"S-1-5-21-1405206085-1650434706-76331420-512","PrincipalType":"Group","RightName":"WriteDacl","IsInherited":false},{"PrincipalSID":"S-1-5-21-1405206085-1650434706-76331420-512","PrincipalType":"Group","RightName":"WriteOwner","IsInherited":false},{"PrincipalSID":"S-1-5-21-1405206085-1650434706-76331420-512","PrincipalType":"Group","RightName":"GenericWrite","IsInherited":false},{"PrincipalSID":"S-1-5-21-1405206085-1650434706-76331420-519","PrincipalType":"Group","RightName":"WriteDacl","IsInherited":false},{"PrincipalSID":"S-1-5-21-1405206085-1650434706-76331420-519","PrincipalType":"Group","RightName":"WriteOwner","IsInherited":false},{"PrincipalSID":"S-1-5-21-1405206085-1650434706-76331420-519","PrincipalType":"Group","RightName":"GenericWrite","IsInherited":false}],"ObjectIdentifier":"VULNNET.LOCAL-S-1-5-32-548","IsDeleted":false,"IsACLProtected":true,"Properties":{"domain":"VULNNET.LOCAL","name":"ACCOUNT OPERATORS@VULNNET.LOCAL","distinguishedname":"CN=ACCOUNT OPERATORS,CN=BUILTIN,DC=VULNNET,DC=LOCAL","domainsid":"S-1-5-21-1405206085-1650434706-76331420","highvalue":true,"description":"Members can administer domain user and group accounts","whencreated":1614043927,"admincount":true}},{"Members":[],"Aces":[{"PrincipalSID":"S-1-5-21-1405206085-1650434706-76331420-512","PrincipalType":"Group","RightName":"Owns","IsInherited":false},{"PrincipalSID":"VULNNET.LOCAL-S-1-5-32-544","PrincipalType":"Group","RightName":"WriteDacl","IsInherited":false},{"PrincipalSID":"VULNNET.LOCAL-S-1-5-32-544","PrincipalType":"Group","RightName":"WriteOwner","IsInherited":false},{"PrincipalSID":"VULNNET.LOCAL-S-1-5-32-544","PrincipalType":"Group","RightName":"GenericWrite","IsInherited":false},{"PrincipalSID":"S-1-5-21-1405206085-1650434706-76331420-512","PrincipalType":"Group","RightName":"WriteDacl","IsInherited":false},{"PrincipalSID":"S-1-5-21-1405206085-1650434706-76331420-512","PrincipalType":"Group","RightName":"WriteOwner","IsInherited":false},{"PrincipalSID":"S-1-5-21-1405206085-1650434706-76331420-512","PrincipalType":"Group","RightName":"GenericWrite","IsInherited":false},{"PrincipalSID":"S-1-5-21-1405206085-1650434706-76331420-519","PrincipalType":"Group","RightName":"WriteDacl","IsInherited":false},{"PrincipalSID":"S-1-5-21-1405206085-1650434706-76331420-519","PrincipalType":"Group","RightName":"WriteOwner","IsInherited":false},{"PrincipalSID":"S-1-5-21-1405206085-1650434706-76331420-519","PrincipalType":"Group","RightName":"GenericWrite","IsInherited":false}],"ObjectIdentifier":"VULNNET.LOCAL-S-1-5-32-549","IsDeleted":false,"IsACLProtected":true,"Properties":{"domain":"VULNNET.LOCAL","name":"SERVER OPERATORS@VULNNET.LOCAL","distinguishedname":"CN=SERVER OPERATORS,CN=BUILTIN,DC=VULNNET,DC=LOCAL","domainsid":"S-1-5-21-1405206085-1650434706-76331420","highvalue":true,"description":"Members can administer domain servers","whencreated":1614043927,"admincount":true}},{"Members":[],"Aces":[{"PrincipalSID":"S-1-5-21-1405206085-1650434706-76331420-512","PrincipalType":"Group","RightName":"Owns","IsInherited":false},{"PrincipalSID":"VULNNET.LOCAL-S-1-5-32-544","PrincipalType":"Group","RightName":"WriteDacl","IsInherited":false},{"PrincipalSID":"VULNNET.LOCAL-S-1-5-32-544","PrincipalType":"Group","RightName":"WriteOwner","IsInherited":false},{"PrincipalSID":"VULNNET.LOCAL-S-1-5-32-544","PrincipalType":"Group","RightName":"GenericWrite","IsInherited":false},{"PrincipalSID":"S-1-5-21-1405206085-1650434706-76331420-512","PrincipalType":"Group","RightName":"WriteDacl","IsInherited":false},{"PrincipalSID":"S-1-5-21-1405206085-1650434706-76331420-512","PrincipalType":"Group","RightName":"WriteOwner","IsInherited":false},{"PrincipalSID":"S-1-5-21-1405206085-1650434706-76331420-512","PrincipalType":"Group","RightName":"GenericWrite","IsInherited":false},{"PrincipalSID":"S-1-5-21-1405206085-1650434706-76331420-519","PrincipalType":"Group","RightName":"WriteDacl","IsInherited":false},{"PrincipalSID":"S-1-5-21-1405206085-1650434706-76331420-519","PrincipalType":"Group","RightName":"WriteOwner","IsInherited":false},{"PrincipalSID":"S-1-5-21-1405206085-1650434706-76331420-519","PrincipalType":"Group","RightName":"GenericWrite","IsInherited":false}],"ObjectIdentifier":"VULNNET.LOCAL-S-1-5-32-552","IsDeleted":false,"IsACLProtected":true,"Properties":{"domain":"VULNNET.LOCAL","name":"REPLICATORS@VULNNET.LOCAL","distinguishedname":"CN=REPLICATOR,CN=BUILTIN,DC=VULNNET,DC=LOCAL","domainsid":"S-1-5-21-1405206085-1650434706-76331420","highvalue":false,"description":"Supports file replication in a domain","whencreated":1614043835,"admincount":true}},{"Members":[],"Aces":[{"PrincipalSID":"VULNNET.LOCAL-S-1-5-32-544","PrincipalType":"Group","RightName":"Owns","IsInherited":false},{"PrincipalSID":"VULNNET.LOCAL-S-1-5-32-548","PrincipalType":"Group","RightName":"GenericAll","IsInherited":false},{"PrincipalSID":"S-1-5-21-1405206085-1650434706-76331420-512","PrincipalType":"Group","RightName":"GenericAll","IsInherited":false},{"PrincipalSID":"S-1-5-21-1405206085-1650434706-76331420-519","PrincipalType":"Group","RightName":"GenericAll","IsInherited":true},{"PrincipalSID":"VULNNET.LOCAL-S-1-5-32-544","PrincipalType":"Group","RightName":"WriteDacl","IsInherited":true},{"PrincipalSID":"VULNNET.LOCAL-S-1-5-32-544","PrincipalType":"Group","RightName":"WriteOwner","IsInherited":true},{"PrincipalSID":"VULNNET.LOCAL-S-1-5-32-544","PrincipalType":"Group","RightName":"GenericWrite","IsInherited":true}],"ObjectIdentifier":"VULNNET.LOCAL-S-1-5-32-579","IsDeleted":false,"IsACLProtected":false,"Properties":{"domain":"VULNNET.LOCAL","name":"ACCESS CONTROL ASSISTANCE OPERATORS@VULNNET.LOCAL","distinguishedname":"CN=ACCESS CONTROL ASSISTANCE OPERATORS,CN=BUILTIN,DC=VULNNET,DC=LOCAL","domainsid":"S-1-5-21-1405206085-1650434706-76331420","highvalue":false,"description":"Members of this group can remotely query authorization attributes and permissions for resources on this computer.","whencreated":1614043835,"admincount":false}},{"Members":[],"Aces":[{"PrincipalSID":"VULNNET.LOCAL-S-1-5-32-548","PrincipalType":"Group","RightName":"GenericAll","IsInherited":false},{"PrincipalSID":"S-1-5-21-1405206085-1650434706-76331420-512","PrincipalType":"Group","RightName":"GenericAll","IsInherited":false},{"PrincipalSID":"S-1-5-21-1405206085-1650434706-76331420-519","PrincipalType":"Group","RightName":"GenericAll","IsInherited":true},{"PrincipalSID":"VULNNET.LOCAL-S-1-5-32-544","PrincipalType":"Group","RightName":"WriteDacl","IsInherited":true},{"PrincipalSID":"VULNNET.LOCAL-S-1-5-32-544","PrincipalType":"Group","RightName":"WriteOwner","IsInherited":true},{"PrincipalSID":"VULNNET.LOCAL-S-1-5-32-544","PrincipalType":"Group","RightName":"GenericWrite","IsInherited":true}],"ObjectIdentifier":"S-1-5-21-1405206085-1650434706-76331420-1101","IsDeleted":false,"IsACLProtected":false,"Properties":{"domain":"VULNNET.LOCAL","name":"DNSADMINS@VULNNET.LOCAL","distinguishedname":"CN=DNSADMINS,CN=USERS,DC=VULNNET,DC=LOCAL","domainsid":"S-1-5-21-1405206085-1650434706-76331420","highvalue":false,"description":"DNS Administrators Group","whencreated":1614043967,"admincount":false}},{"Members":[],"Aces":[{"PrincipalSID":"S-1-5-21-1405206085-1650434706-76331420-512","PrincipalType":"Group","RightName":"Owns","IsInherited":false},{"PrincipalSID":"VULNNET.LOCAL-S-1-5-32-548","PrincipalType":"Group","RightName":"GenericAll","IsInherited":false},{"PrincipalSID":"S-1-5-21-1405206085-1650434706-76331420-512","PrincipalType":"Group","RightName":"GenericAll","IsInherited":false},{"PrincipalSID":"S-1-5-21-1405206085-1650434706-76331420-519","PrincipalType":"Group","RightName":"GenericAll","IsInherited":true},{"PrincipalSID":"VULNNET.LOCAL-S-1-5-32-544","PrincipalType":"Group","RightName":"WriteDacl","IsInherited":true},{"PrincipalSID":"VULNNET.LOCAL-S-1-5-32-544","PrincipalType":"Group","RightName":"WriteOwner","IsInherited":true},{"PrincipalSID":"VULNNET.LOCAL-S-1-5-32-544","PrincipalType":"Group","RightName":"GenericWrite","IsInherited":true}],"ObjectIdentifier":"S-1-5-21-1405206085-1650434706-76331420-514","IsDeleted":false,"IsACLProtected":false,"Properties":{"domain":"VULNNET.LOCAL","name":"DOMAIN GUESTS@VULNNET.LOCAL","distinguishedname":"CN=DOMAIN GUESTS,CN=USERS,DC=VULNNET,DC=LOCAL","domainsid":"S-1-5-21-1405206085-1650434706-76331420","highvalue":false,"description":"All domain guests","whencreated":1614043927,"admincount":false}},{"Members":[],"Aces":[{"PrincipalSID":"VULNNET.LOCAL-S-1-5-32-544","PrincipalType":"Group","RightName":"Owns","IsInherited":false},{"PrincipalSID":"VULNNET.LOCAL-S-1-5-32-548","PrincipalType":"Group","RightName":"GenericAll","IsInherited":false},{"PrincipalSID":"S-1-5-21-1405206085-1650434706-76331420-512","PrincipalType":"Group","RightName":"GenericAll","IsInherited":false},{"PrincipalSID":"S-1-5-21-1405206085-1650434706-76331420-519","PrincipalType":"Group","RightName":"GenericAll","IsInherited":true},{"PrincipalSID":"VULNNET.LOCAL-S-1-5-32-544","PrincipalType":"Group","RightName":"WriteDacl","IsInherited":true},{"PrincipalSID":"VULNNET.LOCAL-S-1-5-32-544","PrincipalType":"Group","RightName":"WriteOwner","IsInherited":true},{"PrincipalSID":"VULNNET.LOCAL-S-1-5-32-544","PrincipalType":"Group","RightName":"GenericWrite","IsInherited":true}],"ObjectIdentifier":"VULNNET.LOCAL-S-1-5-32-559","IsDeleted":false,"IsACLProtected":false,"Properties":{"domain":"VULNNET.LOCAL","name":"PERFORMANCE LOG USERS@VULNNET.LOCAL","distinguishedname":"CN=PERFORMANCE LOG USERS,CN=BUILTIN,DC=VULNNET,DC=LOCAL","domainsid":"S-1-5-21-1405206085-1650434706-76331420","highvalue":false,"description":"Members of this group may schedule logging of performance counters, enable trace providers, and collect event traces both locally and via remote access to this computer","whencreated":1614043835,"admincount":false}},{"Members":[{"ObjectIdentifier":"VULNNET.LOCAL-S-1-5-9","ObjectType":"Group"}],"Aces":[{"PrincipalSID":"S-1-5-21-1405206085-1650434706-76331420-512","PrincipalType":"Group","RightName":"Owns","IsInherited":false},{"PrincipalSID":"VULNNET.LOCAL-S-1-5-32-548","PrincipalType":"Group","RightName":"GenericAll","IsInherited":false},{"PrincipalSID":"S-1-5-21-1405206085-1650434706-76331420-512","PrincipalType":"Group","RightName":"GenericAll","IsInherited":false},{"PrincipalSID":"S-1-5-21-1405206085-1650434706-76331420-519","PrincipalType":"Group","RightName":"GenericAll","IsInherited":true},{"PrincipalSID":"VULNNET.LOCAL-S-1-5-32-544","PrincipalType":"Group","RightName":"WriteDacl","IsInherited":true},{"PrincipalSID":"VULNNET.LOCAL-S-1-5-32-544","PrincipalType":"Group","RightName":"WriteOwner","IsInherited":true},{"PrincipalSID":"VULNNET.LOCAL-S-1-5-32-544","PrincipalType":"Group","RightName":"GenericWrite","IsInherited":true}],"ObjectIdentifier":"VULNNET.LOCAL-S-1-5-32-560","IsDeleted":false,"IsACLProtected":false,"Properties":{"domain":"VULNNET.LOCAL","name":"WINDOWS AUTHORIZATION ACCESS GROUP@VULNNET.LOCAL","distinguishedname":"CN=WINDOWS AUTHORIZATION ACCESS GROUP,CN=BUILTIN,DC=VULNNET,DC=LOCAL","domainsid":"S-1-5-21-1405206085-1650434706-76331420","highvalue":false,"description":"Members of this group have access to the computed tokenGroupsGlobalAndUniversal attribute on User objects","whencreated":1614043927,"admincount":false}},{"Members":[],"Aces":[{"PrincipalSID":"S-1-5-21-1405206085-1650434706-76331420-512","PrincipalType":"Group","RightName":"Owns","IsInherited":false},{"PrincipalSID":"VULNNET.LOCAL-S-1-5-32-544","PrincipalType":"Group","RightName":"WriteDacl","IsInherited":false},{"PrincipalSID":"VULNNET.LOCAL-S-1-5-32-544","PrincipalType":"Group","RightName":"WriteOwner","IsInherited":false},{"PrincipalSID":"VULNNET.LOCAL-S-1-5-32-544","PrincipalType":"Group","RightName":"GenericWrite","IsInherited":false},{"PrincipalSID":"S-1-5-21-1405206085-1650434706-76331420-512","PrincipalType":"Group","RightName":"WriteDacl","IsInherited":false},{"PrincipalSID":"S-1-5-21-1405206085-1650434706-76331420-512","PrincipalType":"Group","RightName":"WriteOwner","IsInherited":false},{"PrincipalSID":"S-1-5-21-1405206085-1650434706-76331420-512","PrincipalType":"Group","RightName":"GenericWrite","IsInherited":false},{"PrincipalSID":"S-1-5-21-1405206085-1650434706-76331420-519","PrincipalType":"Group","RightName":"WriteDacl","IsInherited":false},{"PrincipalSID":"S-1-5-21-1405206085-1650434706-76331420-519","PrincipalType":"Group","RightName":"WriteOwner","IsInherited":false},{"PrincipalSID":"S-1-5-21-1405206085-1650434706-76331420-519","PrincipalType":"Group","RightName":"GenericWrite","IsInherited":false}],"ObjectIdentifier":"S-1-5-21-1405206085-1650434706-76331420-521","IsDeleted":false,"IsACLProtected":true,"Properties":{"domain":"VULNNET.LOCAL","name":"READ-ONLY DOMAIN CONTROLLERS@VULNNET.LOCAL","distinguishedname":"CN=READ-ONLY DOMAIN CONTROLLERS,CN=USERS,DC=VULNNET,DC=LOCAL","domainsid":"S-1-5-21-1405206085-1650434706-76331420","highvalue":false,"description":"Members of this group are Read-Only Domain Controllers in the domain","whencreated":1614043927,"admincount":true}},{"Members":[],"Aces":[{"PrincipalSID":"S-1-5-21-1405206085-1650434706-76331420-512","PrincipalType":"Group","RightName":"Owns","IsInherited":false},{"PrincipalSID":"VULNNET.LOCAL-S-1-5-32-548","PrincipalType":"Group","RightName":"GenericAll","IsInherited":false},{"PrincipalSID":"S-1-5-21-1405206085-1650434706-76331420-512","PrincipalType":"Group","RightName":"GenericAll","IsInherited":false},{"PrincipalSID":"S-1-5-21-1405206085-1650434706-76331420-519","PrincipalType":"Group","RightName":"GenericAll","IsInherited":true},{"PrincipalSID":"VULNNET.LOCAL-S-1-5-32-544","PrincipalType":"Group","RightName":"WriteDacl","IsInherited":true},{"PrincipalSID":"VULNNET.LOCAL-S-1-5-32-544","PrincipalType":"Group","RightName":"WriteOwner","IsInherited":true},{"PrincipalSID":"VULNNET.LOCAL-S-1-5-32-544","PrincipalType":"Group","RightName":"GenericWrite","IsInherited":true}],"ObjectIdentifier":"S-1-5-21-1405206085-1650434706-76331420-498","IsDeleted":false,"IsACLProtected":false,"Properties":{"domain":"VULNNET.LOCAL","name":"ENTERPRISE READ-ONLY DOMAIN CONTROLLERS@VULNNET.LOCAL","distinguishedname":"CN=ENTERPRISE READ-ONLY DOMAIN CONTROLLERS,CN=USERS,DC=VULNNET,DC=LOCAL","domainsid":"S-1-5-21-1405206085-1650434706-76331420","highvalue":false,"description":"Members of this group are Read-Only Domain Controllers in the enterprise","whencreated":1614043927,"admincount":false}},{"Members":[],"Aces":[{"PrincipalSID":"VULNNET.LOCAL-S-1-5-32-544","PrincipalType":"Group","RightName":"Owns","IsInherited":false},{"PrincipalSID":"VULNNET.LOCAL-S-1-5-32-548","PrincipalType":"Group","RightName":"GenericAll","IsInherited":false},{"PrincipalSID":"S-1-5-21-1405206085-1650434706-76331420-512","PrincipalType":"Group","RightName":"GenericAll","IsInherited":false},{"PrincipalSID":"S-1-5-21-1405206085-1650434706-76331420-519","PrincipalType":"Group","RightName":"GenericAll","IsInherited":true},{"PrincipalSID":"VULNNET.LOCAL-S-1-5-32-544","PrincipalType":"Group","RightName":"WriteDacl","IsInherited":true},{"PrincipalSID":"VULNNET.LOCAL-S-1-5-32-544","PrincipalType":"Group","RightName":"WriteOwner","IsInherited":true},{"PrincipalSID":"VULNNET.LOCAL-S-1-5-32-544","PrincipalType":"Group","RightName":"GenericWrite","IsInherited":true}],"ObjectIdentifier":"VULNNET.LOCAL-S-1-5-32-558","IsDeleted":false,"IsACLProtected":false,"Properties":{"domain":"VULNNET.LOCAL","name":"PERFORMANCE MONITOR USERS@VULNNET.LOCAL","distinguishedname":"CN=PERFORMANCE MONITOR USERS,CN=BUILTIN,DC=VULNNET,DC=LOCAL","domainsid":"S-1-5-21-1405206085-1650434706-76331420","highvalue":false,"description":"Members of this group can access performance counter data locally and remotely","whencreated":1614043835,"admincount":false}},{"Members":[],"Aces":[{"PrincipalSID":"S-1-5-21-1405206085-1650434706-76331420-512","PrincipalType":"Group","RightName":"Owns","IsInherited":false},{"PrincipalSID":"VULNNET.LOCAL-S-1-5-32-548","PrincipalType":"Group","RightName":"GenericAll","IsInherited":false},{"PrincipalSID":"S-1-5-21-1405206085-1650434706-76331420-512","PrincipalType":"Group","RightName":"GenericAll","IsInherited":false},{"PrincipalSID":"S-1-5-21-1405206085-1650434706-76331420-519","PrincipalType":"Group","RightName":"GenericAll","IsInherited":true},{"PrincipalSID":"VULNNET.LOCAL-S-1-5-32-544","PrincipalType":"Group","RightName":"WriteDacl","IsInherited":true},{"PrincipalSID":"VULNNET.LOCAL-S-1-5-32-544","PrincipalType":"Group","RightName":"WriteOwner","IsInherited":true},{"PrincipalSID":"VULNNET.LOCAL-S-1-5-32-544","PrincipalType":"Group","RightName":"GenericWrite","IsInherited":true}],"ObjectIdentifier":"S-1-5-21-1405206085-1650434706-76331420-522","IsDeleted":false,"IsACLProtected":false,"Properties":{"domain":"VULNNET.LOCAL","name":"CLONEABLE DOMAIN CONTROLLERS@VULNNET.LOCAL","distinguishedname":"CN=CLONEABLE DOMAIN CONTROLLERS,CN=USERS,DC=VULNNET,DC=LOCAL","domainsid":"S-1-5-21-1405206085-1650434706-76331420","highvalue":false,"description":"Members of this group that are domain controllers may be cloned.","whencreated":1614043927,"admincount":false}},{"Members":[],"Aces":[{"PrincipalSID":"VULNNET.LOCAL-S-1-5-32-544","PrincipalType":"Group","RightName":"Owns","IsInherited":false},{"PrincipalSID":"VULNNET.LOCAL-S-1-5-32-548","PrincipalType":"Group","RightName":"GenericAll","IsInherited":false},{"PrincipalSID":"S-1-5-21-1405206085-1650434706-76331420-512","PrincipalType":"Group","RightName":"GenericAll","IsInherited":false},{"PrincipalSID":"S-1-5-21-1405206085-1650434706-76331420-519","PrincipalType":"Group","RightName":"GenericAll","IsInherited":true},{"PrincipalSID":"VULNNET.LOCAL-S-1-5-32-544","PrincipalType":"Group","RightName":"WriteDacl","IsInherited":true},{"PrincipalSID":"VULNNET.LOCAL-S-1-5-32-544","PrincipalType":"Group","RightName":"WriteOwner","IsInherited":true},{"PrincipalSID":"VULNNET.LOCAL-S-1-5-32-544","PrincipalType":"Group","RightName":"GenericWrite","IsInherited":true}],"ObjectIdentifier":"VULNNET.LOCAL-S-1-5-32-555","IsDeleted":false,"IsACLProtected":false,"Properties":{"domain":"VULNNET.LOCAL","name":"REMOTE DESKTOP USERS@VULNNET.LOCAL","distinguishedname":"CN=REMOTE DESKTOP USERS,CN=BUILTIN,DC=VULNNET,DC=LOCAL","domainsid":"S-1-5-21-1405206085-1650434706-76331420","highvalue":false,"description":"Members in this group are granted the right to logon remotely","whencreated":1614043835,"admincount":false}},{"Members":[],"Aces":[{"PrincipalSID":"S-1-5-21-1405206085-1650434706-76331420-512","PrincipalType":"Group","RightName":"Owns","IsInherited":false},{"PrincipalSID":"VULNNET.LOCAL-S-1-5-32-548","PrincipalType":"Group","RightName":"GenericAll","IsInherited":false},{"PrincipalSID":"S-1-5-21-1405206085-1650434706-76331420-512","PrincipalType":"Group","RightName":"GenericAll","IsInherited":false},{"PrincipalSID":"S-1-5-21-1405206085-1650434706-76331420-519","PrincipalType":"Group","RightName":"GenericAll","IsInherited":true},{"PrincipalSID":"VULNNET.LOCAL-S-1-5-32-544","PrincipalType":"Group","RightName":"WriteDacl","IsInherited":true},{"PrincipalSID":"VULNNET.LOCAL-S-1-5-32-544","PrincipalType":"Group","RightName":"WriteOwner","IsInherited":true},{"PrincipalSID":"VULNNET.LOCAL-S-1-5-32-544","PrincipalType":"Group","RightName":"GenericWrite","IsInherited":true}],"ObjectIdentifier":"S-1-5-21-1405206085-1650434706-76331420-525","IsDeleted":false,"IsACLProtected":false,"Properties":{"domain":"VULNNET.LOCAL","name":"PROTECTED USERS@VULNNET.LOCAL","distinguishedname":"CN=PROTECTED USERS,CN=USERS,DC=VULNNET,DC=LOCAL","domainsid":"S-1-5-21-1405206085-1650434706-76331420","highvalue":false,"description":"Members of this group are afforded additional protections against authentication security threats. See http://go.microsoft.com/fwlink/?LinkId=298939 for more information.","whencreated":1614043927,"admincount":false}},{"Members":[],"Aces":[{"PrincipalSID":"S-1-5-21-1405206085-1650434706-76331420-512","PrincipalType":"Group","RightName":"Owns","IsInherited":false},{"PrincipalSID":"VULNNET.LOCAL-S-1-5-32-548","PrincipalType":"Group","RightName":"GenericAll","IsInherited":false},{"PrincipalSID":"S-1-5-21-1405206085-1650434706-76331420-512","PrincipalType":"Group","RightName":"GenericAll","IsInherited":false},{"PrincipalSID":"S-1-5-21-1405206085-1650434706-76331420-519","PrincipalType":"Group","RightName":"GenericAll","IsInherited":true},{"PrincipalSID":"VULNNET.LOCAL-S-1-5-32-544","PrincipalType":"Group","RightName":"WriteDacl","IsInherited":true},{"PrincipalSID":"VULNNET.LOCAL-S-1-5-32-544","PrincipalType":"Group","RightName":"WriteOwner","IsInherited":true},{"PrincipalSID":"VULNNET.LOCAL-S-1-5-32-544","PrincipalType":"Group","RightName":"GenericWrite","IsInherited":true}],"ObjectIdentifier":"VULNNET.LOCAL-S-1-5-32-557","IsDeleted":false,"IsACLProtected":false,"Properties":{"domain":"VULNNET.LOCAL","name":"INCOMING FOREST TRUST BUILDERS@VULNNET.LOCAL","distinguishedname":"CN=INCOMING FOREST TRUST BUILDERS,CN=BUILTIN,DC=VULNNET,DC=LOCAL","domainsid":"S-1-5-21-1405206085-1650434706-76331420","highvalue":false,"description":"Members of this group can create incoming, one-way trusts to this forest","whencreated":1614043927,"admincount":false}},{"Members":[],"Aces":[{"PrincipalSID":"S-1-5-21-1405206085-1650434706-76331420-512","PrincipalType":"Group","RightName":"Owns","IsInherited":false},{"PrincipalSID":"VULNNET.LOCAL-S-1-5-32-544","PrincipalType":"Group","RightName":"WriteDacl","IsInherited":false},{"PrincipalSID":"VULNNET.LOCAL-S-1-5-32-544","PrincipalType":"Group","RightName":"WriteOwner","IsInherited":false},{"PrincipalSID":"VULNNET.LOCAL-S-1-5-32-544","PrincipalType":"Group","RightName":"GenericWrite","IsInherited":false},{"PrincipalSID":"S-1-5-21-1405206085-1650434706-76331420-512","PrincipalType":"Group","RightName":"WriteDacl","IsInherited":false},{"PrincipalSID":"S-1-5-21-1405206085-1650434706-76331420-512","PrincipalType":"Group","RightName":"WriteOwner","IsInherited":false},{"PrincipalSID":"S-1-5-21-1405206085-1650434706-76331420-512","PrincipalType":"Group","RightName":"GenericWrite","IsInherited":false},{"PrincipalSID":"S-1-5-21-1405206085-1650434706-76331420-519","PrincipalType":"Group","RightName":"WriteDacl","IsInherited":false},{"PrincipalSID":"S-1-5-21-1405206085-1650434706-76331420-519","PrincipalType":"Group","RightName":"WriteOwner","IsInherited":false},{"PrincipalSID":"S-1-5-21-1405206085-1650434706-76331420-519","PrincipalType":"Group","RightName":"GenericWrite","IsInherited":false}],"ObjectIdentifier":"S-1-5-21-1405206085-1650434706-76331420-526","IsDeleted":false,"IsACLProtected":true,"Properties":{"domain":"VULNNET.LOCAL","name":"KEY ADMINS@VULNNET.LOCAL","distinguishedname":"CN=KEY ADMINS,CN=USERS,DC=VULNNET,DC=LOCAL","domainsid":"S-1-5-21-1405206085-1650434706-76331420","highvalue":false,"description":"Members of this group can perform administrative actions on key objects within the domain.","whencreated":1614043927,"admincount":true}},{"Members":[],"Aces":[{"PrincipalSID":"S-1-5-21-1405206085-1650434706-76331420-512","PrincipalType":"Group","RightName":"Owns","IsInherited":false},{"PrincipalSID":"VULNNET.LOCAL-S-1-5-32-544","PrincipalType":"Group","RightName":"WriteDacl","IsInherited":false},{"PrincipalSID":"VULNNET.LOCAL-S-1-5-32-544","PrincipalType":"Group","RightName":"WriteOwner","IsInherited":false},{"PrincipalSID":"VULNNET.LOCAL-S-1-5-32-544","PrincipalType":"Group","RightName":"GenericWrite","IsInherited":false},{"PrincipalSID":"S-1-5-21-1405206085-1650434706-76331420-512","PrincipalType":"Group","RightName":"WriteDacl","IsInherited":false},{"PrincipalSID":"S-1-5-21-1405206085-1650434706-76331420-512","PrincipalType":"Group","RightName":"WriteOwner","IsInherited":false},{"PrincipalSID":"S-1-5-21-1405206085-1650434706-76331420-512","PrincipalType":"Group","RightName":"GenericWrite","IsInherited":false},{"PrincipalSID":"S-1-5-21-1405206085-1650434706-76331420-519","PrincipalType":"Group","RightName":"WriteDacl","IsInherited":false},{"PrincipalSID":"S-1-5-21-1405206085-1650434706-76331420-519","PrincipalType":"Group","RightName":"WriteOwner","IsInherited":false},{"PrincipalSID":"S-1-5-21-1405206085-1650434706-76331420-519","PrincipalType":"Group","RightName":"GenericWrite","IsInherited":false}],"ObjectIdentifier":"S-1-5-21-1405206085-1650434706-76331420-527","IsDeleted":false,"IsACLProtected":true,"Properties":{"domain":"VULNNET.LOCAL","name":"ENTERPRISE KEY ADMINS@VULNNET.LOCAL","distinguishedname":"CN=ENTERPRISE KEY ADMINS,CN=USERS,DC=VULNNET,DC=LOCAL","domainsid":"S-1-5-21-1405206085-1650434706-76331420","highvalue":false,"description":"Members of this group can perform administrative actions on key objects within the forest.","whencreated":1614043927,"admincount":true}},{"Members":[],"Aces":[{"PrincipalSID":"VULNNET.LOCAL-S-1-5-32-544","PrincipalType":"Group","RightName":"Owns","IsInherited":false},{"PrincipalSID":"VULNNET.LOCAL-S-1-5-32-548","PrincipalType":"Group","RightName":"GenericAll","IsInherited":false},{"PrincipalSID":"S-1-5-21-1405206085-1650434706-76331420-512","PrincipalType":"Group","RightName":"GenericAll","IsInherited":false},{"PrincipalSID":"S-1-5-21-1405206085-1650434706-76331420-519","PrincipalType":"Group","RightName":"GenericAll","IsInherited":true},{"PrincipalSID":"VULNNET.LOCAL-S-1-5-32-544","PrincipalType":"Group","RightName":"WriteDacl","IsInherited":true},{"PrincipalSID":"VULNNET.LOCAL-S-1-5-32-544","PrincipalType":"Group","RightName":"WriteOwner","IsInherited":true},{"PrincipalSID":"VULNNET.LOCAL-S-1-5-32-544","PrincipalType":"Group","RightName":"GenericWrite","IsInherited":true}],"ObjectIdentifier":"VULNNET.LOCAL-S-1-5-32-577","IsDeleted":false,"IsACLProtected":false,"Properties":{"domain":"VULNNET.LOCAL","name":"RDS MANAGEMENT SERVERS@VULNNET.LOCAL","distinguishedname":"CN=RDS MANAGEMENT SERVERS,CN=BUILTIN,DC=VULNNET,DC=LOCAL","domainsid":"S-1-5-21-1405206085-1650434706-76331420","highvalue":false,"description":"Servers in this group can perform routine administrative actions on servers running Remote Desktop Services. This group needs to be populated on all servers in a Remote Desktop Services deployment. The servers running the RDS Central Management service must be included in this group.","whencreated":1614043835,"admincount":false}},{"Members":[],"Aces":[{"PrincipalSID":"VULNNET.LOCAL-S-1-5-32-548","PrincipalType":"Group","RightName":"GenericAll","IsInherited":false},{"PrincipalSID":"S-1-5-21-1405206085-1650434706-76331420-512","PrincipalType":"Group","RightName":"GenericAll","IsInherited":false},{"PrincipalSID":"S-1-5-21-1405206085-1650434706-76331420-519","PrincipalType":"Group","RightName":"GenericAll","IsInherited":true},{"PrincipalSID":"VULNNET.LOCAL-S-1-5-32-544","PrincipalType":"Group","RightName":"WriteDacl","IsInherited":true},{"PrincipalSID":"VULNNET.LOCAL-S-1-5-32-544","PrincipalType":"Group","RightName":"WriteOwner","IsInherited":true},{"PrincipalSID":"VULNNET.LOCAL-S-1-5-32-544","PrincipalType":"Group","RightName":"GenericWrite","IsInherited":true}],"ObjectIdentifier":"S-1-5-21-1405206085-1650434706-76331420-1102","IsDeleted":false,"IsACLProtected":false,"Properties":{"domain":"VULNNET.LOCAL","name":"DNSUPDATEPROXY@VULNNET.LOCAL","distinguishedname":"CN=DNSUPDATEPROXY,CN=USERS,DC=VULNNET,DC=LOCAL","domainsid":"S-1-5-21-1405206085-1650434706-76331420","highvalue":false,"description":"DNS clients who are permitted to perform dynamic updates on behalf of some other clients (such as DHCP servers).","whencreated":1614043968,"admincount":false}},{"Members":[{"ObjectIdentifier":"S-1-5-21-1405206085-1650434706-76331420-521","ObjectType":"Group"},{"ObjectIdentifier":"S-1-5-21-1405206085-1650434706-76331420-520","ObjectType":"Group"},{"ObjectIdentifier":"S-1-5-21-1405206085-1650434706-76331420-512","ObjectType":"Group"},{"ObjectIdentifier":"S-1-5-21-1405206085-1650434706-76331420-517","ObjectType":"Group"},{"ObjectIdentifier":"S-1-5-21-1405206085-1650434706-76331420-519","ObjectType":"Group"},{"ObjectIdentifier":"S-1-5-21-1405206085-1650434706-76331420-518","ObjectType":"Group"},{"ObjectIdentifier":"S-1-5-21-1405206085-1650434706-76331420-516","ObjectType":"Group"},{"ObjectIdentifier":"S-1-5-21-1405206085-1650434706-76331420-502","ObjectType":"User"}],"Aces":[{"PrincipalSID":"S-1-5-21-1405206085-1650434706-76331420-512","PrincipalType":"Group","RightName":"Owns","IsInherited":false},{"PrincipalSID":"VULNNET.LOCAL-S-1-5-32-548","PrincipalType":"Group","RightName":"GenericAll","IsInherited":false},{"PrincipalSID":"S-1-5-21-1405206085-1650434706-76331420-512","PrincipalType":"Group","RightName":"GenericAll","IsInherited":false},{"PrincipalSID":"S-1-5-21-1405206085-1650434706-76331420-519","PrincipalType":"Group","RightName":"GenericAll","IsInherited":true},{"PrincipalSID":"VULNNET.LOCAL-S-1-5-32-544","PrincipalType":"Group","RightName":"WriteDacl","IsInherited":true},{"PrincipalSID":"VULNNET.LOCAL-S-1-5-32-544","PrincipalType":"Group","RightName":"WriteOwner","IsInherited":true},{"PrincipalSID":"VULNNET.LOCAL-S-1-5-32-544","PrincipalType":"Group","RightName":"GenericWrite","IsInherited":true}],"ObjectIdentifier":"S-1-5-21-1405206085-1650434706-76331420-572","IsDeleted":false,"IsACLProtected":false,"Properties":{"domain":"VULNNET.LOCAL","name":"DENIED RODC PASSWORD REPLICATION GROUP@VULNNET.LOCAL","distinguishedname":"CN=DENIED RODC PASSWORD REPLICATION GROUP,CN=USERS,DC=VULNNET,DC=LOCAL","domainsid":"S-1-5-21-1405206085-1650434706-76331420","highvalue":false,"description":"Members in this group cannot have their passwords replicated to any read-only domain controllers in the domain","whencreated":1614043927,"admincount":false}},{"Members":[{"ObjectIdentifier":"S-1-5-21-1405206085-1650434706-76331420-514","ObjectType":"Group"},{"ObjectIdentifier":"S-1-5-21-1405206085-1650434706-76331420-501","ObjectType":"User"}],"Aces":[{"PrincipalSID":"VULNNET.LOCAL-S-1-5-32-544","PrincipalType":"Group","RightName":"Owns","IsInherited":false},{"PrincipalSID":"VULNNET.LOCAL-S-1-5-32-548","PrincipalType":"Group","RightName":"GenericAll","IsInherited":false},{"PrincipalSID":"S-1-5-21-1405206085-1650434706-76331420-512","PrincipalType":"Group","RightName":"GenericAll","IsInherited":false},{"PrincipalSID":"S-1-5-21-1405206085-1650434706-76331420-519","PrincipalType":"Group","RightName":"GenericAll","IsInherited":true},{"PrincipalSID":"VULNNET.LOCAL-S-1-5-32-544","PrincipalType":"Group","RightName":"WriteDacl","IsInherited":true},{"PrincipalSID":"VULNNET.LOCAL-S-1-5-32-544","PrincipalType":"Group","RightName":"WriteOwner","IsInherited":true},{"PrincipalSID":"VULNNET.LOCAL-S-1-5-32-544","PrincipalType":"Group","RightName":"GenericWrite","IsInherited":true}],"ObjectIdentifier":"VULNNET.LOCAL-S-1-5-32-546","IsDeleted":false,"IsACLProtected":false,"Properties":{"domain":"VULNNET.LOCAL","name":"GUESTS@VULNNET.LOCAL","distinguishedname":"CN=GUESTS,CN=BUILTIN,DC=VULNNET,DC=LOCAL","domainsid":"S-1-5-21-1405206085-1650434706-76331420","highvalue":false,"description":"Guests have the same access as members of the Users group by default, except for the Guest account which is further restricted","whencreated":1614043835,"admincount":false}},{"Members":[],"Aces":[{"PrincipalSID":"VULNNET.LOCAL-S-1-5-32-544","PrincipalType":"Group","RightName":"Owns","IsInherited":false},{"PrincipalSID":"VULNNET.LOCAL-S-1-5-32-548","PrincipalType":"Group","RightName":"GenericAll","IsInherited":false},{"PrincipalSID":"S-1-5-21-1405206085-1650434706-76331420-512","PrincipalType":"Group","RightName":"GenericAll","IsInherited":false},{"PrincipalSID":"S-1-5-21-1405206085-1650434706-76331420-519","PrincipalType":"Group","RightName":"GenericAll","IsInherited":true},{"PrincipalSID":"VULNNET.LOCAL-S-1-5-32-544","PrincipalType":"Group","RightName":"WriteDacl","IsInherited":true},{"PrincipalSID":"VULNNET.LOCAL-S-1-5-32-544","PrincipalType":"Group","RightName":"WriteOwner","IsInherited":true},{"PrincipalSID":"VULNNET.LOCAL-S-1-5-32-544","PrincipalType":"Group","RightName":"GenericWrite","IsInherited":true}],"ObjectIdentifier":"VULNNET.LOCAL-S-1-5-32-580","IsDeleted":false,"IsACLProtected":false,"Properties":{"domain":"VULNNET.LOCAL","name":"REMOTE MANAGEMENT USERS@VULNNET.LOCAL","distinguishedname":"CN=REMOTE MANAGEMENT USERS,CN=BUILTIN,DC=VULNNET,DC=LOCAL","domainsid":"S-1-5-21-1405206085-1650434706-76331420","highvalue":false,"description":"Members of this group can access WMI resources over management protocols (such as WS-Management via the Windows Remote Management service). This applies only to WMI namespaces that grant access to the user.","whencreated":1614043835,"admincount":false}},{"Members":[],"Aces":[{"PrincipalSID":"S-1-5-21-1405206085-1650434706-76331420-512","PrincipalType":"Group","RightName":"Owns","IsInherited":false},{"PrincipalSID":"VULNNET.LOCAL-S-1-5-32-548","PrincipalType":"Group","RightName":"GenericAll","IsInherited":false},{"PrincipalSID":"S-1-5-21-1405206085-1650434706-76331420-512","PrincipalType":"Group","RightName":"GenericAll","IsInherited":false},{"PrincipalSID":"S-1-5-21-1405206085-1650434706-76331420-519","PrincipalType":"Group","RightName":"GenericAll","IsInherited":true},{"PrincipalSID":"VULNNET.LOCAL-S-1-5-32-544","PrincipalType":"Group","RightName":"WriteDacl","IsInherited":true},{"PrincipalSID":"VULNNET.LOCAL-S-1-5-32-544","PrincipalType":"Group","RightName":"WriteOwner","IsInherited":true},{"PrincipalSID":"VULNNET.LOCAL-S-1-5-32-544","PrincipalType":"Group","RightName":"GenericWrite","IsInherited":true}],"ObjectIdentifier":"S-1-5-21-1405206085-1650434706-76331420-513","IsDeleted":false,"IsACLProtected":false,"Properties":{"domain":"VULNNET.LOCAL","name":"DOMAIN USERS@VULNNET.LOCAL","distinguishedname":"CN=DOMAIN USERS,CN=USERS,DC=VULNNET,DC=LOCAL","domainsid":"S-1-5-21-1405206085-1650434706-76331420","highvalue":false,"description":"All domain users","whencreated":1614043927,"admincount":false}},{"Members":[{"ObjectIdentifier":"S-1-5-21-1405206085-1650434706-76331420-513","ObjectType":"Group"},{"ObjectIdentifier":"VULNNET.LOCAL-S-1-5-11","ObjectType":"Group"},{"ObjectIdentifier":"VULNNET.LOCAL-S-1-5-4","ObjectType":"Group"}],"Aces":[{"PrincipalSID":"VULNNET.LOCAL-S-1-5-32-544","PrincipalType":"Group","RightName":"Owns","IsInherited":false},{"PrincipalSID":"VULNNET.LOCAL-S-1-5-32-548","PrincipalType":"Group","RightName":"GenericAll","IsInherited":false},{"PrincipalSID":"S-1-5-21-1405206085-1650434706-76331420-512","PrincipalType":"Group","RightName":"GenericAll","IsInherited":false},{"PrincipalSID":"S-1-5-21-1405206085-1650434706-76331420-519","PrincipalType":"Group","RightName":"GenericAll","IsInherited":true},{"PrincipalSID":"VULNNET.LOCAL-S-1-5-32-544","PrincipalType":"Group","RightName":"WriteDacl","IsInherited":true},{"PrincipalSID":"VULNNET.LOCAL-S-1-5-32-544","PrincipalType":"Group","RightName":"WriteOwner","IsInherited":true},{"PrincipalSID":"VULNNET.LOCAL-S-1-5-32-544","PrincipalType":"Group","RightName":"GenericWrite","IsInherited":true}],"ObjectIdentifier":"VULNNET.LOCAL-S-1-5-32-545","IsDeleted":false,"IsACLProtected":false,"Properties":{"domain":"VULNNET.LOCAL","name":"USERS@VULNNET.LOCAL","distinguishedname":"CN=USERS,CN=BUILTIN,DC=VULNNET,DC=LOCAL","domainsid":"S-1-5-21-1405206085-1650434706-76331420","highvalue":false,"description":"Users are prevented from making accidental or intentional system-wide changes and can run most applications","whencreated":1614043835,"admincount":false}},{"Members":[],"Aces":[{"PrincipalSID":"S-1-5-21-1405206085-1650434706-76331420-512","PrincipalType":"Group","RightName":"Owns","IsInherited":false},{"PrincipalSID":"VULNNET.LOCAL-S-1-5-32-548","PrincipalType":"Group","RightName":"GenericAll","IsInherited":false},{"PrincipalSID":"S-1-5-21-1405206085-1650434706-76331420-512","PrincipalType":"Group","RightName":"GenericAll","IsInherited":false},{"PrincipalSID":"S-1-5-21-1405206085-1650434706-76331420-519","PrincipalType":"Group","RightName":"GenericAll","IsInherited":true},{"PrincipalSID":"VULNNET.LOCAL-S-1-5-32-544","PrincipalType":"Group","RightName":"WriteDacl","IsInherited":true},{"PrincipalSID":"VULNNET.LOCAL-S-1-5-32-544","PrincipalType":"Group","RightName":"WriteOwner","IsInherited":true},{"PrincipalSID":"VULNNET.LOCAL-S-1-5-32-544","PrincipalType":"Group","RightName":"GenericWrite","IsInherited":true}],"ObjectIdentifier":"S-1-5-21-1405206085-1650434706-76331420-515","IsDeleted":false,"IsACLProtected":false,"Properties":{"domain":"VULNNET.LOCAL","name":"DOMAIN COMPUTERS@VULNNET.LOCAL","distinguishedname":"CN=DOMAIN COMPUTERS,CN=USERS,DC=VULNNET,DC=LOCAL","domainsid":"S-1-5-21-1405206085-1650434706-76331420","highvalue":false,"description":"All workstations and servers joined to the domain","whencreated":1614043927,"admincount":false}},{"Members":[{"ObjectIdentifier":"VULNNET.LOCAL-S-1-5-11","ObjectType":"Group"}],"Aces":[{"PrincipalSID":"S-1-5-21-1405206085-1650434706-76331420-512","PrincipalType":"Group","RightName":"Owns","IsInherited":false},{"PrincipalSID":"VULNNET.LOCAL-S-1-5-32-548","PrincipalType":"Group","RightName":"GenericAll","IsInherited":false},{"PrincipalSID":"S-1-5-21-1405206085-1650434706-76331420-512","PrincipalType":"Group","RightName":"GenericAll","IsInherited":false},{"PrincipalSID":"S-1-5-21-1405206085-1650434706-76331420-519","PrincipalType":"Group","RightName":"GenericAll","IsInherited":true},{"PrincipalSID":"VULNNET.LOCAL-S-1-5-32-544","PrincipalType":"Group","RightName":"WriteDacl","IsInherited":true},{"PrincipalSID":"VULNNET.LOCAL-S-1-5-32-544","PrincipalType":"Group","RightName":"WriteOwner","IsInherited":true},{"PrincipalSID":"VULNNET.LOCAL-S-1-5-32-544","PrincipalType":"Group","RightName":"GenericWrite","IsInherited":true}],"ObjectIdentifier":"VULNNET.LOCAL-S-1-5-32-554","IsDeleted":false,"IsACLProtected":false,"Properties":{"domain":"VULNNET.LOCAL","name":"PRE-WINDOWS 2000 COMPATIBLE ACCESS@VULNNET.LOCAL","distinguishedname":"CN=PRE-WINDOWS 2000 COMPATIBLE ACCESS,CN=BUILTIN,DC=VULNNET,DC=LOCAL","domainsid":"S-1-5-21-1405206085-1650434706-76331420","highvalue":false,"description":"A backward compatibility group which allows read access on all users and groups in the domain","whencreated":1614043927,"admincount":false}},{"Members":[],"Aces":[{"PrincipalSID":"S-1-5-21-1405206085-1650434706-76331420-512","PrincipalType":"Group","RightName":"Owns","IsInherited":false},{"PrincipalSID":"VULNNET.LOCAL-S-1-5-32-548","PrincipalType":"Group","RightName":"GenericAll","IsInherited":false},{"PrincipalSID":"S-1-5-21-1405206085-1650434706-76331420-512","PrincipalType":"Group","RightName":"GenericAll","IsInherited":false},{"PrincipalSID":"S-1-5-21-1405206085-1650434706-76331420-519","PrincipalType":"Group","RightName":"GenericAll","IsInherited":true},{"PrincipalSID":"VULNNET.LOCAL-S-1-5-32-544","PrincipalType":"Group","RightName":"WriteDacl","IsInherited":true},{"PrincipalSID":"VULNNET.LOCAL-S-1-5-32-544","PrincipalType":"Group","RightName":"WriteOwner","IsInherited":true},{"PrincipalSID":"VULNNET.LOCAL-S-1-5-32-544","PrincipalType":"Group","RightName":"GenericWrite","IsInherited":true}],"ObjectIdentifier":"S-1-5-21-1405206085-1650434706-76331420-553","IsDeleted":false,"IsACLProtected":false,"Properties":{"domain":"VULNNET.LOCAL","name":"RAS AND IAS SERVERS@VULNNET.LOCAL","distinguishedname":"CN=RAS AND IAS SERVERS,CN=USERS,DC=VULNNET,DC=LOCAL","domainsid":"S-1-5-21-1405206085-1650434706-76331420","highvalue":false,"description":"Servers in this group can access remote access properties of users","whencreated":1614043927,"admincount":false}},{"Members":[],"Aces":[{"PrincipalSID":"S-1-5-21-1405206085-1650434706-76331420-512","PrincipalType":"Group","RightName":"Owns","IsInherited":false},{"PrincipalSID":"VULNNET.LOCAL-S-1-5-32-548","PrincipalType":"Group","RightName":"GenericAll","IsInherited":false},{"PrincipalSID":"S-1-5-21-1405206085-1650434706-76331420-512","PrincipalType":"Group","RightName":"GenericAll","IsInherited":false},{"PrincipalSID":"S-1-5-21-1405206085-1650434706-76331420-519","PrincipalType":"Group","RightName":"GenericAll","IsInherited":true},{"PrincipalSID":"VULNNET.LOCAL-S-1-5-32-544","PrincipalType":"Group","RightName":"WriteDacl","IsInherited":true},{"PrincipalSID":"VULNNET.LOCAL-S-1-5-32-544","PrincipalType":"Group","RightName":"WriteOwner","IsInherited":true},{"PrincipalSID":"VULNNET.LOCAL-S-1-5-32-544","PrincipalType":"Group","RightName":"GenericWrite","IsInherited":true}],"ObjectIdentifier":"S-1-5-21-1405206085-1650434706-76331420-517","IsDeleted":false,"IsACLProtected":false,"Properties":{"domain":"VULNNET.LOCAL","name":"CERT PUBLISHERS@VULNNET.LOCAL","distinguishedname":"CN=CERT PUBLISHERS,CN=USERS,DC=VULNNET,DC=LOCAL","domainsid":"S-1-5-21-1405206085-1650434706-76331420","highvalue":false,"description":"Members of this group are permitted to publish certificates to the directory","whencreated":1614043927,"admincount":false}},{"Members":[],"Aces":[{"PrincipalSID":"VULNNET.LOCAL-S-1-5-32-544","PrincipalType":"Group","RightName":"Owns","IsInherited":false},{"PrincipalSID":"VULNNET.LOCAL-S-1-5-32-548","PrincipalType":"Group","RightName":"GenericAll","IsInherited":false},{"PrincipalSID":"S-1-5-21-1405206085-1650434706-76331420-512","PrincipalType":"Group","RightName":"GenericAll","IsInherited":false},{"PrincipalSID":"S-1-5-21-1405206085-1650434706-76331420-519","PrincipalType":"Group","RightName":"GenericAll","IsInherited":true},{"PrincipalSID":"VULNNET.LOCAL-S-1-5-32-544","PrincipalType":"Group","RightName":"WriteDacl","IsInherited":true},{"PrincipalSID":"VULNNET.LOCAL-S-1-5-32-544","PrincipalType":"Group","RightName":"WriteOwner","IsInherited":true},{"PrincipalSID":"VULNNET.LOCAL-S-1-5-32-544","PrincipalType":"Group","RightName":"GenericWrite","IsInherited":true}],"ObjectIdentifier":"VULNNET.LOCAL-S-1-5-32-573","IsDeleted":false,"IsACLProtected":false,"Properties":{"domain":"VULNNET.LOCAL","name":"EVENT LOG READERS@VULNNET.LOCAL","distinguishedname":"CN=EVENT LOG READERS,CN=BUILTIN,DC=VULNNET,DC=LOCAL","domainsid":"S-1-5-21-1405206085-1650434706-76331420","highvalue":false,"description":"Members of this group can read event logs from local machine","whencreated":1614043835,"admincount":false}},{"Members":[{"ObjectIdentifier":"VULNNET.LOCAL-S-1-5-17","ObjectType":"Group"}],"Aces":[{"PrincipalSID":"VULNNET.LOCAL-S-1-5-32-544","PrincipalType":"Group","RightName":"Owns","IsInherited":false},{"PrincipalSID":"VULNNET.LOCAL-S-1-5-32-548","PrincipalType":"Group","RightName":"GenericAll","IsInherited":false},{"PrincipalSID":"S-1-5-21-1405206085-1650434706-76331420-512","PrincipalType":"Group","RightName":"GenericAll","IsInherited":false},{"PrincipalSID":"S-1-5-21-1405206085-1650434706-76331420-519","PrincipalType":"Group","RightName":"GenericAll","IsInherited":true},{"PrincipalSID":"VULNNET.LOCAL-S-1-5-32-544","PrincipalType":"Group","RightName":"WriteDacl","IsInherited":true},{"PrincipalSID":"VULNNET.LOCAL-S-1-5-32-544","PrincipalType":"Group","RightName":"WriteOwner","IsInherited":true},{"PrincipalSID":"VULNNET.LOCAL-S-1-5-32-544","PrincipalType":"Group","RightName":"GenericWrite","IsInherited":true}],"ObjectIdentifier":"VULNNET.LOCAL-S-1-5-32-568","IsDeleted":false,"IsACLProtected":false,"Properties":{"domain":"VULNNET.LOCAL","name":"IIS_IUSRS@VULNNET.LOCAL","distinguishedname":"CN=IIS_IUSRS,CN=BUILTIN,DC=VULNNET,DC=LOCAL","domainsid":"S-1-5-21-1405206085-1650434706-76331420","highvalue":false,"description":"Built-in group used by Internet Information Services.","whencreated":1614043835,"admincount":false}},{"Members":[],"Aces":[{"PrincipalSID":"VULNNET.LOCAL-S-1-5-32-544","PrincipalType":"Group","RightName":"Owns","IsInherited":false},{"PrincipalSID":"VULNNET.LOCAL-S-1-5-32-548","PrincipalType":"Group","RightName":"GenericAll","IsInherited":false},{"PrincipalSID":"S-1-5-21-1405206085-1650434706-76331420-512","PrincipalType":"Group","RightName":"GenericAll","IsInherited":false},{"PrincipalSID":"S-1-5-21-1405206085-1650434706-76331420-519","PrincipalType":"Group","RightName":"GenericAll","IsInherited":true},{"PrincipalSID":"VULNNET.LOCAL-S-1-5-32-544","PrincipalType":"Group","RightName":"WriteDacl","IsInherited":true},{"PrincipalSID":"VULNNET.LOCAL-S-1-5-32-544","PrincipalType":"Group","RightName":"WriteOwner","IsInherited":true},{"PrincipalSID":"VULNNET.LOCAL-S-1-5-32-544","PrincipalType":"Group","RightName":"GenericWrite","IsInherited":true}],"ObjectIdentifier":"VULNNET.LOCAL-S-1-5-32-576","IsDeleted":false,"IsACLProtected":false,"Properties":{"domain":"VULNNET.LOCAL","name":"RDS ENDPOINT SERVERS@VULNNET.LOCAL","distinguishedname":"CN=RDS ENDPOINT SERVERS,CN=BUILTIN,DC=VULNNET,DC=LOCAL","domainsid":"S-1-5-21-1405206085-1650434706-76331420","highvalue":false,"description":"Servers in this group run virtual machines and host sessions where users RemoteApp programs and personal virtual desktops run. This group needs to be populated on servers running RD Connection Broker. RD Session Host servers and RD Virtualization Host servers used in the deployment need to be in this group.","whencreated":1614043835,"admincount":false}},{"Members":[],"Aces":[{"PrincipalSID":"VULNNET.LOCAL-S-1-5-32-544","PrincipalType":"Group","RightName":"Owns","IsInherited":false},{"PrincipalSID":"VULNNET.LOCAL-S-1-5-32-548","PrincipalType":"Group","RightName":"GenericAll","IsInherited":false},{"PrincipalSID":"S-1-5-21-1405206085-1650434706-76331420-512","PrincipalType":"Group","RightName":"GenericAll","IsInherited":false},{"PrincipalSID":"S-1-5-21-1405206085-1650434706-76331420-519","PrincipalType":"Group","RightName":"GenericAll","IsInherited":true},{"PrincipalSID":"VULNNET.LOCAL-S-1-5-32-544","PrincipalType":"Group","RightName":"WriteDacl","IsInherited":true},{"PrincipalSID":"VULNNET.LOCAL-S-1-5-32-544","PrincipalType":"Group","RightName":"WriteOwner","IsInherited":true},{"PrincipalSID":"VULNNET.LOCAL-S-1-5-32-544","PrincipalType":"Group","RightName":"GenericWrite","IsInherited":true}],"ObjectIdentifier":"VULNNET.LOCAL-S-1-5-32-582","IsDeleted":false,"IsACLProtected":false,"Properties":{"domain":"VULNNET.LOCAL","name":"STORAGE REPLICA ADMINISTRATORS@VULNNET.LOCAL","distinguishedname":"CN=STORAGE REPLICA ADMINISTRATORS,CN=BUILTIN,DC=VULNNET,DC=LOCAL","domainsid":"S-1-5-21-1405206085-1650434706-76331420","highvalue":false,"description":"Members of this group have complete and unrestricted access to all features of Storage Replica.","whencreated":1614043835,"admincount":false}},{"Members":[],"Aces":[{"PrincipalSID":"VULNNET.LOCAL-S-1-5-32-544","PrincipalType":"Group","RightName":"Owns","IsInherited":false},{"PrincipalSID":"VULNNET.LOCAL-S-1-5-32-548","PrincipalType":"Group","RightName":"GenericAll","IsInherited":false},{"PrincipalSID":"S-1-5-21-1405206085-1650434706-76331420-512","PrincipalType":"Group","RightName":"GenericAll","IsInherited":false},{"PrincipalSID":"S-1-5-21-1405206085-1650434706-76331420-519","PrincipalType":"Group","RightName":"GenericAll","IsInherited":true},{"PrincipalSID":"VULNNET.LOCAL-S-1-5-32-544","PrincipalType":"Group","RightName":"WriteDacl","IsInherited":true},{"PrincipalSID":"VULNNET.LOCAL-S-1-5-32-544","PrincipalType":"Group","RightName":"WriteOwner","IsInherited":true},{"PrincipalSID":"VULNNET.LOCAL-S-1-5-32-544","PrincipalType":"Group","RightName":"GenericWrite","IsInherited":true}],"ObjectIdentifier":"VULNNET.LOCAL-S-1-5-32-562","IsDeleted":false,"IsACLProtected":false,"Properties":{"domain":"VULNNET.LOCAL","name":"DISTRIBUTED COM USERS@VULNNET.LOCAL","distinguishedname":"CN=DISTRIBUTED COM USERS,CN=BUILTIN,DC=VULNNET,DC=LOCAL","domainsid":"S-1-5-21-1405206085-1650434706-76331420","highvalue":false,"description":"Members are allowed to launch, activate and use Distributed COM objects on this machine.","whencreated":1614043835,"admincount":false}},{"Members":[],"Aces":[{"PrincipalSID":"VULNNET.LOCAL-S-1-5-32-544","PrincipalType":"Group","RightName":"Owns","IsInherited":false},{"PrincipalSID":"VULNNET.LOCAL-S-1-5-32-548","PrincipalType":"Group","RightName":"GenericAll","IsInherited":false},{"PrincipalSID":"S-1-5-21-1405206085-1650434706-76331420-512","PrincipalType":"Group","RightName":"GenericAll","IsInherited":false},{"PrincipalSID":"S-1-5-21-1405206085-1650434706-76331420-519","PrincipalType":"Group","RightName":"GenericAll","IsInherited":true},{"PrincipalSID":"VULNNET.LOCAL-S-1-5-32-544","PrincipalType":"Group","RightName":"WriteDacl","IsInherited":true},{"PrincipalSID":"VULNNET.LOCAL-S-1-5-32-544","PrincipalType":"Group","RightName":"WriteOwner","IsInherited":true},{"PrincipalSID":"VULNNET.LOCAL-S-1-5-32-544","PrincipalType":"Group","RightName":"GenericWrite","IsInherited":true}],"ObjectIdentifier":"VULNNET.LOCAL-S-1-5-32-578","IsDeleted":false,"IsACLProtected":false,"Properties":{"domain":"VULNNET.LOCAL","name":"HYPER-V ADMINISTRATORS@VULNNET.LOCAL","distinguishedname":"CN=HYPER-V ADMINISTRATORS,CN=BUILTIN,DC=VULNNET,DC=LOCAL","domainsid":"S-1-5-21-1405206085-1650434706-76331420","highvalue":false,"description":"Members of this group have complete and unrestricted access to all features of Hyper-V.","whencreated":1614043835,"admincount":false}},{"Members":[],"Aces":[{"PrincipalSID":"VULNNET.LOCAL-S-1-5-32-544","PrincipalType":"Group","RightName":"Owns","IsInherited":false},{"PrincipalSID":"VULNNET.LOCAL-S-1-5-32-548","PrincipalType":"Group","RightName":"GenericAll","IsInherited":false},{"PrincipalSID":"S-1-5-21-1405206085-1650434706-76331420-512","PrincipalType":"Group","RightName":"GenericAll","IsInherited":false},{"PrincipalSID":"S-1-5-21-1405206085-1650434706-76331420-519","PrincipalType":"Group","RightName":"GenericAll","IsInherited":true},{"PrincipalSID":"VULNNET.LOCAL-S-1-5-32-544","PrincipalType":"Group","RightName":"WriteDacl","IsInherited":true},{"PrincipalSID":"VULNNET.LOCAL-S-1-5-32-544","PrincipalType":"Group","RightName":"WriteOwner","IsInherited":true},{"PrincipalSID":"VULNNET.LOCAL-S-1-5-32-544","PrincipalType":"Group","RightName":"GenericWrite","IsInherited":true}],"ObjectIdentifier":"VULNNET.LOCAL-S-1-5-32-569","IsDeleted":false,"IsACLProtected":false,"Properties":{"domain":"VULNNET.LOCAL","name":"CRYPTOGRAPHIC OPERATORS@VULNNET.LOCAL","distinguishedname":"CN=CRYPTOGRAPHIC OPERATORS,CN=BUILTIN,DC=VULNNET,DC=LOCAL","domainsid":"S-1-5-21-1405206085-1650434706-76331420","highvalue":false,"description":"Members are authorized to perform cryptographic operations.","whencreated":1614043835,"admincount":false}},{"Members":[],"Aces":[{"PrincipalSID":"VULNNET.LOCAL-S-1-5-32-544","PrincipalType":"Group","RightName":"Owns","IsInherited":false},{"PrincipalSID":"VULNNET.LOCAL-S-1-5-32-548","PrincipalType":"Group","RightName":"GenericAll","IsInherited":false},{"PrincipalSID":"S-1-5-21-1405206085-1650434706-76331420-512","PrincipalType":"Group","RightName":"GenericAll","IsInherited":false},{"PrincipalSID":"S-1-5-21-1405206085-1650434706-76331420-519","PrincipalType":"Group","RightName":"GenericAll","IsInherited":true},{"PrincipalSID":"VULNNET.LOCAL-S-1-5-32-544","PrincipalType":"Group","RightName":"WriteDacl","IsInherited":true},{"PrincipalSID":"VULNNET.LOCAL-S-1-5-32-544","PrincipalType":"Group","RightName":"WriteOwner","IsInherited":true},{"PrincipalSID":"VULNNET.LOCAL-S-1-5-32-544","PrincipalType":"Group","RightName":"GenericWrite","IsInherited":true}],"ObjectIdentifier":"VULNNET.LOCAL-S-1-5-32-575","IsDeleted":false,"IsACLProtected":false,"Properties":{"domain":"VULNNET.LOCAL","name":"RDS REMOTE ACCESS SERVERS@VULNNET.LOCAL","distinguishedname":"CN=RDS REMOTE ACCESS SERVERS,CN=BUILTIN,DC=VULNNET,DC=LOCAL","domainsid":"S-1-5-21-1405206085-1650434706-76331420","highvalue":false,"description":"Servers in this group enable users of RemoteApp programs and personal virtual desktops access to these resources. In Internet-facing deployments, these servers are typically deployed in an edge network. This group needs to be populated on servers running RD Connection Broker. RD Gateway servers and RD Web Access servers used in the deployment need to be in this group.","whencreated":1614043835,"admincount":false}},{"Members":[],"Aces":[{"PrincipalSID":"S-1-5-21-1405206085-1650434706-76331420-512","PrincipalType":"Group","RightName":"Owns","IsInherited":false},{"PrincipalSID":"VULNNET.LOCAL-S-1-5-32-548","PrincipalType":"Group","RightName":"GenericAll","IsInherited":false},{"PrincipalSID":"S-1-5-21-1405206085-1650434706-76331420-512","PrincipalType":"Group","RightName":"GenericAll","IsInherited":false},{"PrincipalSID":"S-1-5-21-1405206085-1650434706-76331420-519","PrincipalType":"Group","RightName":"GenericAll","IsInherited":true},{"PrincipalSID":"VULNNET.LOCAL-S-1-5-32-544","PrincipalType":"Group","RightName":"WriteDacl","IsInherited":true},{"PrincipalSID":"VULNNET.LOCAL-S-1-5-32-544","PrincipalType":"Group","RightName":"WriteOwner","IsInherited":true},{"PrincipalSID":"VULNNET.LOCAL-S-1-5-32-544","PrincipalType":"Group","RightName":"GenericWrite","IsInherited":true}],"ObjectIdentifier":"VULNNET.LOCAL-S-1-5-32-561","IsDeleted":false,"IsACLProtected":false,"Properties":{"domain":"VULNNET.LOCAL","name":"TERMINAL SERVER LICENSE SERVERS@VULNNET.LOCAL","distinguishedname":"CN=TERMINAL SERVER LICENSE SERVERS,CN=BUILTIN,DC=VULNNET,DC=LOCAL","domainsid":"S-1-5-21-1405206085-1650434706-76331420","highvalue":false,"description":"Members of this group can update user accounts in Active Directory with information about license issuance, for the purpose of tracking and reporting TS Per User CAL usage","whencreated":1614043927,"admincount":false}},{"Members":[],"Aces":[{"PrincipalSID":"VULNNET.LOCAL-S-1-5-32-544","PrincipalType":"Group","RightName":"Owns","IsInherited":false},{"PrincipalSID":"VULNNET.LOCAL-S-1-5-32-548","PrincipalType":"Group","RightName":"GenericAll","IsInherited":false},{"PrincipalSID":"S-1-5-21-1405206085-1650434706-76331420-512","PrincipalType":"Group","RightName":"GenericAll","IsInherited":false},{"PrincipalSID":"S-1-5-21-1405206085-1650434706-76331420-519","PrincipalType":"Group","RightName":"GenericAll","IsInherited":true},{"PrincipalSID":"VULNNET.LOCAL-S-1-5-32-544","PrincipalType":"Group","RightName":"WriteDacl","IsInherited":true},{"PrincipalSID":"VULNNET.LOCAL-S-1-5-32-544","PrincipalType":"Group","RightName":"WriteOwner","IsInherited":true},{"PrincipalSID":"VULNNET.LOCAL-S-1-5-32-544","PrincipalType":"Group","RightName":"GenericWrite","IsInherited":true}],"ObjectIdentifier":"VULNNET.LOCAL-S-1-5-32-556","IsDeleted":false,"IsACLProtected":false,"Properties":{"domain":"VULNNET.LOCAL","name":"NETWORK CONFIGURATION OPERATORS@VULNNET.LOCAL","distinguishedname":"CN=NETWORK CONFIGURATION OPERATORS,CN=BUILTIN,DC=VULNNET,DC=LOCAL","domainsid":"S-1-5-21-1405206085-1650434706-76331420","highvalue":false,"description":"Members in this group can have some administrative privileges to manage configuration of networking features","whencreated":1614043835,"admincount":false}},{"Members":[],"Aces":[{"PrincipalSID":"S-1-5-21-1405206085-1650434706-76331420-512","PrincipalType":"Group","RightName":"Owns","IsInherited":false},{"PrincipalSID":"VULNNET.LOCAL-S-1-5-32-548","PrincipalType":"Group","RightName":"GenericAll","IsInherited":false},{"PrincipalSID":"S-1-5-21-1405206085-1650434706-76331420-512","PrincipalType":"Group","RightName":"GenericAll","IsInherited":false},{"PrincipalSID":"S-1-5-21-1405206085-1650434706-76331420-519","PrincipalType":"Group","RightName":"GenericAll","IsInherited":true},{"PrincipalSID":"VULNNET.LOCAL-S-1-5-32-544","PrincipalType":"Group","RightName":"WriteDacl","IsInherited":true},{"PrincipalSID":"VULNNET.LOCAL-S-1-5-32-544","PrincipalType":"Group","RightName":"WriteOwner","IsInherited":true},{"PrincipalSID":"VULNNET.LOCAL-S-1-5-32-544","PrincipalType":"Group","RightName":"GenericWrite","IsInherited":true}],"ObjectIdentifier":"S-1-5-21-1405206085-1650434706-76331420-571","IsDeleted":false,"IsACLProtected":false,"Properties":{"domain":"VULNNET.LOCAL","name":"ALLOWED RODC PASSWORD REPLICATION GROUP@VULNNET.LOCAL","distinguishedname":"CN=ALLOWED RODC PASSWORD REPLICATION GROUP,CN=USERS,DC=VULNNET,DC=LOCAL","domainsid":"S-1-5-21-1405206085-1650434706-76331420","highvalue":false,"description":"Members in this group can have their passwords replicated to all read-only domain controllers in the domain","whencreated":1614043927,"admincount":false}},{"Members":[],"Aces":[{"PrincipalSID":"VULNNET.LOCAL-S-1-5-32-544","PrincipalType":"Group","RightName":"Owns","IsInherited":false},{"PrincipalSID":"VULNNET.LOCAL-S-1-5-32-548","PrincipalType":"Group","RightName":"GenericAll","IsInherited":false},{"PrincipalSID":"S-1-5-21-1405206085-1650434706-76331420-512","PrincipalType":"Group","RightName":"GenericAll","IsInherited":false},{"PrincipalSID":"S-1-5-21-1405206085-1650434706-76331420-519","PrincipalType":"Group","RightName":"GenericAll","IsInherited":true},{"PrincipalSID":"VULNNET.LOCAL-S-1-5-32-544","PrincipalType":"Group","RightName":"WriteDacl","IsInherited":true},{"PrincipalSID":"VULNNET.LOCAL-S-1-5-32-544","PrincipalType":"Group","RightName":"WriteOwner","IsInherited":true},{"PrincipalSID":"VULNNET.LOCAL-S-1-5-32-544","PrincipalType":"Group","RightName":"GenericWrite","IsInherited":true}],"ObjectIdentifier":"VULNNET.LOCAL-S-1-5-32-574","IsDeleted":false,"IsACLProtected":false,"Properties":{"domain":"VULNNET.LOCAL","name":"CERTIFICATE SERVICE DCOM ACCESS@VULNNET.LOCAL","distinguishedname":"CN=CERTIFICATE SERVICE DCOM ACCESS,CN=BUILTIN,DC=VULNNET,DC=LOCAL","domainsid":"S-1-5-21-1405206085-1650434706-76331420","highvalue":false,"description":"Members of this group are allowed to connect to Certification Authorities in the enterprise","whencreated":1614043835,"admincount":false}},{"Members":[],"Aces":[],"ObjectIdentifier":"VULNNET.LOCAL-S-1-5-4","IsDeleted":false,"IsACLProtected":false,"Properties":{"name":"INTERACTIVE@VULNNET.LOCAL","domainsid":"S-1-5-21-1405206085-1650434706-76331420","domain":"VULNNET.LOCAL"}},{"Members":[],"Aces":[],"ObjectIdentifier":"VULNNET.LOCAL-S-1-5-17","IsDeleted":false,"IsACLProtected":false,"Properties":{"name":"THIS ORGANIZATION @VULNNET.LOCAL","domainsid":"S-1-5-21-1405206085-1650434706-76331420","domain":"VULNNET.LOCAL"}},{"Members":[],"Aces":[],"ObjectIdentifier":"VULNNET.LOCAL-S-1-5-9","IsDeleted":false,"IsACLProtected":false,"Properties":{"name":"ENTERPRISE DOMAIN CONTROLLERS@VULNNET.LOCAL","domainsid":"S-1-5-21-1405206085-1650434706-76331420","domain":"VULNNET.LOCAL"}},{"Members":[],"Aces":[],"ObjectIdentifier":"VULNNET.LOCAL-S-1-5-32-561","IsDeleted":false,"IsACLProtected":false,"Properties":{"name":"TERMINAL SERVER LICENSE SERVERS@VULNNET.LOCAL","domainsid":"S-1-5-21-1405206085-1650434706-76331420","domain":"VULNNET.LOCAL"}},{"Members":[],"Aces":[],"ObjectIdentifier":"VULNNET.LOCAL-S-1-1-0","IsDeleted":false,"IsACLProtected":false,"Properties":{"name":"EVERYONE@VULNNET.LOCAL","domainsid":"S-1-5-21-1405206085-1650434706-76331420","domain":"VULNNET.LOCAL"}},{"Members":[],"Aces":[],"ObjectIdentifier":"VULNNET.LOCAL-S-1-5-32-554","IsDeleted":false,"IsACLProtected":false,"Properties":{"name":"PRE-WINDOWS 2000 COMPATIBLE ACCESS@VULNNET.LOCAL","domainsid":"S-1-5-21-1405206085-1650434706-76331420","domain":"VULNNET.LOCAL"}},{"Members":[],"Aces":[],"ObjectIdentifier":"VULNNET.LOCAL-S-1-5-32-548","IsDeleted":false,"IsACLProtected":false,"Properties":{"name":"ACCOUNT OPERATORS@VULNNET.LOCAL","domainsid":"S-1-5-21-1405206085-1650434706-76331420","domain":"VULNNET.LOCAL"}},{"Members":[],"Aces":[],"ObjectIdentifier":"VULNNET.LOCAL-S-1-5-32-544","IsDeleted":false,"IsACLProtected":false,"Properties":{"name":"ADMINISTRATORS@VULNNET.LOCAL","domainsid":"S-1-5-21-1405206085-1650434706-76331420","domain":"VULNNET.LOCAL"}},{"Members":[],"Aces":[],"ObjectIdentifier":"VULNNET.LOCAL-S-1-5-32-560","IsDeleted":false,"IsACLProtected":false,"Properties":{"name":"WINDOWS AUTHORIZATION ACCESS GROUP@VULNNET.LOCAL","domainsid":"S-1-5-21-1405206085-1650434706-76331420","domain":"VULNNET.LOCAL"}},{"Members":[],"Aces":[],"ObjectIdentifier":"VULNNET.LOCAL-S-1-5-32-550","IsDeleted":false,"IsACLProtected":false,"Properties":{"name":"PRINT OPERATORS@VULNNET.LOCAL","domainsid":"S-1-5-21-1405206085-1650434706-76331420","domain":"VULNNET.LOCAL"}},{"Members":[],"Aces":[],"ObjectIdentifier":"VULNNET.LOCAL-S-1-5-11","IsDeleted":false,"IsACLProtected":false,"Properties":{"name":"AUTHENTICATED USERS@VULNNET.LOCAL","domainsid":"S-1-5-21-1405206085-1650434706-76331420","domain":"VULNNET.LOCAL"}},{"Members":[],"Aces":[],"ObjectIdentifier":"VULNNET.LOCAL-S-1-5-32-557","IsDeleted":false,"IsACLProtected":false,"Properties":{"name":"INCOMING FOREST TRUST BUILDERS@VULNNET.LOCAL","domainsid":"S-1-5-21-1405206085-1650434706-76331420","domain":"VULNNET.LOCAL"}},{"Members":[{"ObjectIdentifier":"S-1-5-21-1405206085-1650434706-76331420-1000","ObjectType":"Computer"}],"Aces":[],"ObjectIdentifier":"VULNNET.LOCAL-S-1-5-9","IsDeleted":false,"IsACLProtected":false,"Properties":{"name":"ENTERPRISE DOMAIN CONTROLLERS@VULNNET.LOCAL","domainsid":"S-1-5-21-1405206085-1650434706-76331420","domain":"vulnnet.local"}}],"meta":{"methods":29675,"type":"groups","count":61,"version":4}}