﻿{"data":[{"ChildObjects":[],"Aces":[{"PrincipalSID":"S-1-5-21-1405206085-1650434706-76331420-512","PrincipalType":"Group","RightName":"Owns","IsInherited":false},{"PrincipalSID":"S-1-5-21-1405206085-1650434706-76331420-512","PrincipalType":"Group","RightName":"WriteDacl","IsInherited":false},{"PrincipalSID":"S-1-5-21-1405206085-1650434706-76331420-512","PrincipalType":"Group","RightName":"WriteOwner","IsInherited":false},{"PrincipalSID":"S-1-5-21-1405206085-1650434706-76331420-519","PrincipalType":"Group","RightName":"GenericAll","IsInherited":true},{"PrincipalSID":"S-1-5-21-1405206085-1650434706-76331420-512","PrincipalType":"Group","RightName":"GenericAll","IsInherited":true}],"ObjectIdentifier":"B8081643-8532-4131-9D2F-0F205BA53665","IsDeleted":false,"IsACLProtected":false,"Properties":{"domain":"VULNNET.LOCAL","name":"POLICYTEMPLATE@VULNNET.LOCAL","distinguishedname":"CN=POLICYTEMPLATE,CN=WMIPOLICY,CN=SYSTEM,DC=VULNNET,DC=LOCAL","domainsid":"S-1-5-21-1405206085-1650434706-76331420","highvalue":false}},{"ChildObjects":[],"Aces":[{"PrincipalSID":"S-1-5-21-1405206085-1650434706-76331420-512","PrincipalType":"Group","RightName":"Owns","IsInherited":false},{"PrincipalSID":"S-1-5-21-1405206085-1650434706-76331420-512","PrincipalType":"Group","RightName":"WriteDacl","IsInherited":false},{"PrincipalSID":"S-1-5-21-1405206085-1650434706-76331420-512","PrincipalType":"Group","RightName":"WriteOwner","IsInherited":false},{"PrincipalSID":"S-1-5-21-1405206085-1650434706-76331420-519","PrincipalType":"Group","RightName":"GenericAll","IsInherited":true},{"PrincipalSID":"S-1-5-21-1405206085-1650434706-76331420-512","PrincipalType":"Group","RightName":"GenericAll","IsInherited":true}],"ObjectIdentifier":"0CD69F93-3FCC-4DED-B09B-0EAE9922B5DA","IsDeleted":false,"IsACLProtected":false,"Properties":{"domain":"VULNNET.LOCAL","name":"POLICYTYPE@VULNNET.LOCAL","distinguishedname":"CN=POLICYTYPE,CN=WMIPOLICY,CN=SYSTEM,DC=VULNNET,DC=LOCAL","domainsid":"S-1-5-21-1405206085-1650434706-76331420","highvalue":false}},{"ChildObjects":[],"Aces":[{"PrincipalSID":"S-1-5-21-1405206085-1650434706-76331420-512","PrincipalType":"Group","RightName":"Owns","IsInherited":false},{"PrincipalSID":"S-1-5-21-1405206085-1650434706-76331420-512","PrincipalType":"Group","RightName":"WriteDacl","IsInherited":false},{"PrincipalSID":"S-1-5-21-1405206085-1650434706-76331420-512","PrincipalType":"Group","RightName":"WriteOwner","IsInherited":false},{"PrincipalSID":"S-1-5-21-1405206085-1650434706-76331420-519","PrincipalType":"Group","RightName":"GenericAll","IsInherited":true},{"PrincipalSID":"S-1-5-21-1405206085-1650434706-76331420-512","PrincipalType":"Group","RightName":"GenericAll","IsInherited":true}],"ObjectIdentifier":"A85C8F5A-A016-45A8-9311-FFC9BB9119C0","IsDeleted":false,"IsACLProtected":false,"Properties":{"domain":"VULNNET.LOCAL","name":"WMIGPO@VULNNET.LOCAL","distinguishedname":"CN=WMIGPO,CN=WMIPOLICY,CN=SYSTEM,DC=VULNNET,DC=LOCAL","domainsid":"S-1-5-21-1405206085-1650434706-76331420","highvalue":false}},{"ChildObjects":[],"Aces":[{"PrincipalSID":"S-1-5-21-1405206085-1650434706-76331420-512","PrincipalType":"Group","RightName":"Owns","IsInherited":false},{"PrincipalSID":"S-1-5-21-1405206085-1650434706-76331420-512","PrincipalType":"Group","RightName":"GenericAll","IsInherited":false},{"PrincipalSID":"S-1-5-21-1405206085-1650434706-76331420-519","PrincipalType":"Group","RightName":"GenericAll","IsInherited":false}],"ObjectIdentifier":"DB7E4D51-A2DC-4141-B361-20BFB3E41365","IsDeleted":false,"IsACLProtected":true,"Properties":{"domain":"VULNNET.LOCAL","name":"WMIPOLICY@VULNNET.LOCAL","distinguishedname":"CN=WMIPOLICY,CN=SYSTEM,DC=VULNNET,DC=LOCAL","domainsid":"S-1-5-21-1405206085-1650434706-76331420","highvalue":false}},{"ChildObjects":[],"Aces":[{"PrincipalSID":"S-1-5-21-1405206085-1650434706-76331420-512","PrincipalType":"Group","RightName":"Owns","IsInherited":false},{"PrincipalSID":"VULNNET.LOCAL-S-1-5-32-544","PrincipalType":"Group","RightName":"WriteDacl","IsInherited":false},{"PrincipalSID":"VULNNET.LOCAL-S-1-5-32-544","PrincipalType":"Group","RightName":"WriteOwner","IsInherited":false},{"PrincipalSID":"S-1-5-21-1405206085-1650434706-76331420-512","PrincipalType":"Group","RightName":"WriteDacl","IsInherited":false},{"PrincipalSID":"S-1-5-21-1405206085-1650434706-76331420-512","PrincipalType":"Group","RightName":"WriteOwner","IsInherited":false},{"PrincipalSID":"S-1-5-21-1405206085-1650434706-76331420-519","PrincipalType":"Group","RightName":"WriteDacl","IsInherited":false},{"PrincipalSID":"S-1-5-21-1405206085-1650434706-76331420-519","PrincipalType":"Group","RightName":"WriteOwner","IsInherited":false}],"ObjectIdentifier":"C5874462-49D6-40AD-AD38-354E6FA8117C","IsDeleted":false,"IsACLProtected":true,"Properties":{"domain":"VULNNET.LOCAL","name":"ADMINSDHOLDER@VULNNET.LOCAL","distinguishedname":"CN=ADMINSDHOLDER,CN=SYSTEM,DC=VULNNET,DC=LOCAL","domainsid":"S-1-5-21-1405206085-1650434706-76331420","highvalue":false}},{"ChildObjects":[],"Aces":[{"PrincipalSID":"S-1-5-21-1405206085-1650434706-76331420-512","PrincipalType":"Group","RightName":"Owns","IsInherited":false},{"PrincipalSID":"S-1-5-21-1405206085-1650434706-76331420-512","PrincipalType":"Group","RightName":"GenericAll","IsInherited":false},{"PrincipalSID":"S-1-5-21-1405206085-1650434706-76331420-519","PrincipalType":"Group","RightName":"GenericAll","IsInherited":false}],"ObjectIdentifier":"F0465B57-956D-467A-ADE6-D89BDCE75F87","IsDeleted":false,"IsACLProtected":true,"Properties":{"domain":"VULNNET.LOCAL","name":"SOM@VULNNET.LOCAL","distinguishedname":"CN=SOM,CN=WMIPOLICY,CN=SYSTEM,DC=VULNNET,DC=LOCAL","domainsid":"S-1-5-21-1405206085-1650434706-76331420","highvalue":false}},{"ChildObjects":[],"Aces":[{"PrincipalSID":"S-1-5-21-1405206085-1650434706-76331420-512","PrincipalType":"Group","RightName":"Owns","IsInherited":false},{"PrincipalSID":"S-1-5-21-1405206085-1650434706-76331420-512","PrincipalType":"Group","RightName":"GenericAll","IsInherited":false},{"PrincipalSID":"S-1-5-21-1405206085-1650434706-76331420-519","PrincipalType":"Group","RightName":"GenericAll","IsInherited":true},{"PrincipalSID":"VULNNET.LOCAL-S-1-5-32-544","PrincipalType":"Group","RightName":"WriteDacl","IsInherited":true},{"PrincipalSID":"VULNNET.LOCAL-S-1-5-32-544","PrincipalType":"Group","RightName":"WriteOwner","IsInherited":true}],"ObjectIdentifier":"8C7B5282-6120-4813-BD98-D175C5E79855","IsDeleted":false,"IsACLProtected":false,"Properties":{"domain":"VULNNET.LOCAL","name":"PROGRAM DATA@VULNNET.LOCAL","distinguishedname":"CN=PROGRAM DATA,DC=VULNNET,DC=LOCAL","domainsid":"S-1-5-21-1405206085-1650434706-76331420","highvalue":false}},{"ChildObjects":[],"Aces":[{"PrincipalSID":"S-1-5-21-1405206085-1650434706-76331420-512","PrincipalType":"Group","RightName":"Owns","IsInherited":false},{"PrincipalSID":"S-1-5-21-1405206085-1650434706-76331420-512","PrincipalType":"Group","RightName":"GenericAll","IsInherited":false},{"PrincipalSID":"S-1-5-21-1405206085-1650434706-76331420-519","PrincipalType":"Group","RightName":"GenericAll","IsInherited":true},{"PrincipalSID":"VULNNET.LOCAL-S-1-5-32-544","PrincipalType":"Group","RightName":"WriteDacl","IsInherited":true},{"PrincipalSID":"VULNNET.LOCAL-S-1-5-32-544","PrincipalType":"Group","RightName":"WriteOwner","IsInherited":true}],"ObjectIdentifier":"274723F4-385B-4730-AA7F-1492AC3A94D8","IsDeleted":false,"IsACLProtected":false,"Properties":{"domain":"VULNNET.LOCAL","name":"MICROSOFT@VULNNET.LOCAL","distinguishedname":"CN=MICROSOFT,CN=PROGRAM DATA,DC=VULNNET,DC=LOCAL","domainsid":"S-1-5-21-1405206085-1650434706-76331420","highvalue":false}},{"ChildObjects":[],"Aces":[{"PrincipalSID":"S-1-5-21-1405206085-1650434706-76331420-512","PrincipalType":"Group","RightName":"Owns","IsInherited":false},{"PrincipalSID":"S-1-5-21-1405206085-1650434706-76331420-512","PrincipalType":"Group","RightName":"GenericAll","IsInherited":false},{"PrincipalSID":"S-1-5-21-1405206085-1650434706-76331420-519","PrincipalType":"Group","RightName":"GenericAll","IsInherited":true},{"PrincipalSID":"VULNNET.LOCAL-S-1-5-32-544","PrincipalType":"Group","RightName":"WriteDacl","IsInherited":true},{"PrincipalSID":"VULNNET.LOCAL-S-1-5-32-544","PrincipalType":"Group","RightName":"WriteOwner","IsInherited":true}],"ObjectIdentifier":"70078C0D-80F1-44E3-AF3C-DFA454B9BC05","IsDeleted":false,"IsACLProtected":false,"Properties":{"domain":"VULNNET.LOCAL","name":"FOREIGNSECURITYPRINCIPALS@VULNNET.LOCAL","distinguishedname":"CN=FOREIGNSECURITYPRINCIPALS,DC=VULNNET,DC=LOCAL","domainsid":"S-1-5-21-1405206085-1650434706-76331420","highvalue":false}},{"ChildObjects":[],"Aces":[{"PrincipalSID":"S-1-5-21-1405206085-1650434706-76331420-512","PrincipalType":"Group","RightName":"Owns","IsInherited":false},{"PrincipalSID":"S-1-5-21-1405206085-1650434706-76331420-512","PrincipalType":"Group","RightName":"WriteDacl","IsInherited":false},{"PrincipalSID":"S-1-5-21-1405206085-1650434706-76331420-512","PrincipalType":"Group","RightName":"WriteOwner","IsInherited":false},{"PrincipalSID":"S-1-5-21-1405206085-1650434706-76331420-519","PrincipalType":"Group","RightName":"GenericAll","IsInherited":true},{"PrincipalSID":"VULNNET.LOCAL-S-1-5-32-544","PrincipalType":"Group","RightName":"WriteDacl","IsInherited":true},{"PrincipalSID":"VULNNET.LOCAL-S-1-5-32-544","PrincipalType":"Group","RightName":"WriteOwner","IsInherited":true}],"ObjectIdentifier":"21ED7C30-7015-481B-BD0A-DC5732034DDB","IsDeleted":false,"IsACLProtected":false,"Properties":{"domain":"VULNNET.LOCAL","name":"MEETINGS@VULNNET.LOCAL","distinguishedname":"CN=MEETINGS,CN=SYSTEM,DC=VULNNET,DC=LOCAL","domainsid":"S-1-5-21-1405206085-1650434706-76331420","highvalue":false}},{"ChildObjects":[],"Aces":[{"PrincipalSID":"S-1-5-21-1405206085-1650434706-76331420-512","PrincipalType":"Group","RightName":"Owns","IsInherited":false},{"PrincipalSID":"S-1-5-21-1405206085-1650434706-76331420-512","PrincipalType":"Group","RightName":"WriteDacl","IsInherited":false},{"PrincipalSID":"S-1-5-21-1405206085-1650434706-76331420-512","PrincipalType":"Group","RightName":"WriteOwner","IsInherited":false},{"PrincipalSID":"S-1-5-21-1405206085-1650434706-76331420-519","PrincipalType":"Group","RightName":"GenericAll","IsInherited":true},{"PrincipalSID":"VULNNET.LOCAL-S-1-5-32-544","PrincipalType":"Group","RightName":"WriteDacl","IsInherited":true},{"PrincipalSID":"VULNNET.LOCAL-S-1-5-32-544","PrincipalType":"Group","RightName":"WriteOwner","IsInherited":true}],"ObjectIdentifier":"62E0CA12-0030-4DD9-A886-2E4D22E832B2","IsDeleted":false,"IsACLProtected":false,"Properties":{"domain":"VULNNET.LOCAL","name":"COMPUTERS@VULNNET.LOCAL","distinguishedname":"CN=COMPUTERS,DC=VULNNET,DC=LOCAL","domainsid":"S-1-5-21-1405206085-1650434706-76331420","highvalue":false}},{"ChildObjects":[],"Aces":[{"PrincipalSID":"S-1-5-21-1405206085-1650434706-76331420-512","PrincipalType":"Group","RightName":"Owns","IsInherited":false},{"PrincipalSID":"S-1-5-21-1405206085-1650434706-76331420-512","PrincipalType":"Group","RightName":"WriteDacl","IsInherited":false},{"PrincipalSID":"S-1-5-21-1405206085-1650434706-76331420-512","PrincipalType":"Group","RightName":"WriteOwner","IsInherited":false},{"PrincipalSID":"S-1-5-21-1405206085-1650434706-76331420-519","PrincipalType":"Group","RightName":"GenericAll","IsInherited":true},{"PrincipalSID":"VULNNET.LOCAL-S-1-5-32-544","PrincipalType":"Group","RightName":"WriteDacl","IsInherited":true},{"PrincipalSID":"VULNNET.LOCAL-S-1-5-32-544","PrincipalType":"Group","RightName":"WriteOwner","IsInherited":true}],"ObjectIdentifier":"93F04434-4261-4BD5-9CA1-3C555E1460D4","IsDeleted":false,"IsACLProtected":false,"Properties":{"domain":"VULNNET.LOCAL","name":"SYSTEM@VULNNET.LOCAL","distinguishedname":"CN=SYSTEM,DC=VULNNET,DC=LOCAL","domainsid":"S-1-5-21-1405206085-1650434706-76331420","highvalue":false}},{"ChildObjects":[],"Aces":[{"PrincipalSID":"S-1-5-21-1405206085-1650434706-76331420-512","PrincipalType":"Group","RightName":"Owns","IsInherited":false},{"PrincipalSID":"S-1-5-21-1405206085-1650434706-76331420-512","PrincipalType":"Group","RightName":"WriteDacl","IsInherited":false},{"PrincipalSID":"S-1-5-21-1405206085-1650434706-76331420-512","PrincipalType":"Group","RightName":"WriteOwner","IsInherited":false},{"PrincipalSID":"S-1-5-21-1405206085-1650434706-76331420-519","PrincipalType":"Group","RightName":"GenericAll","IsInherited":true},{"PrincipalSID":"VULNNET.LOCAL-S-1-5-32-544","PrincipalType":"Group","RightName":"WriteDacl","IsInherited":true},{"PrincipalSID":"VULNNET.LOCAL-S-1-5-32-544","PrincipalType":"Group","RightName":"WriteOwner","IsInherited":true}],"ObjectIdentifier":"199AE922-EBF3-4088-893D-35706A1ED0B6","IsDeleted":false,"IsACLProtected":false,"Properties":{"domain":"VULNNET.LOCAL","name":"COMPARTITIONSETS@VULNNET.LOCAL","distinguishedname":"CN=COMPARTITIONSETS,CN=SYSTEM,DC=VULNNET,DC=LOCAL","domainsid":"S-1-5-21-1405206085-1650434706-76331420","highvalue":false}},{"ChildObjects":[],"Aces":[{"PrincipalSID":"S-1-5-21-1405206085-1650434706-76331420-512","PrincipalType":"Group","RightName":"Owns","IsInherited":false},{"PrincipalSID":"S-1-5-21-1405206085-1650434706-76331420-512","PrincipalType":"Group","RightName":"GenericAll","IsInherited":false},{"PrincipalSID":"S-1-5-21-1405206085-1650434706-76331420-519","PrincipalType":"Group","RightName":"GenericAll","IsInherited":true},{"PrincipalSID":"VULNNET.LOCAL-S-1-5-32-544","PrincipalType":"Group","RightName":"WriteDacl","IsInherited":true},{"PrincipalSID":"VULNNET.LOCAL-S-1-5-32-544","PrincipalType":"Group","RightName":"WriteOwner","IsInherited":true}],"ObjectIdentifier":"E7076BC9-C3F7-4C36-A012-4DF0C7D4AC9E","IsDeleted":false,"IsACLProtected":false,"Properties":{"domain":"VULNNET.LOCAL","name":"PSPS@VULNNET.LOCAL","distinguishedname":"CN=PSPS,CN=SYSTEM,DC=VULNNET,DC=LOCAL","domainsid":"S-1-5-21-1405206085-1650434706-76331420","highvalue":false}},{"ChildObjects":[],"Aces":[{"PrincipalSID":"S-1-5-21-1405206085-1650434706-76331420-512","PrincipalType":"Group","RightName":"Owns","IsInherited":false},{"PrincipalSID":"S-1-5-21-1405206085-1650434706-76331420-553","PrincipalType":"Group","RightName":"WriteDacl","IsInherited":false},{"PrincipalSID":"S-1-5-21-1405206085-1650434706-76331420-553","PrincipalType":"Group","RightName":"WriteOwner","IsInherited":false},{"PrincipalSID":"S-1-5-21-1405206085-1650434706-76331420-519","PrincipalType":"Group","RightName":"GenericAll","IsInherited":true},{"PrincipalSID":"VULNNET.LOCAL-S-1-5-32-544","PrincipalType":"Group","RightName":"WriteDacl","IsInherited":true},{"PrincipalSID":"VULNNET.LOCAL-S-1-5-32-544","PrincipalType":"Group","RightName":"WriteOwner","IsInherited":true}],"ObjectIdentifier":"76CCBA1F-0025-4021-8DD3-4E628F21DFA3","IsDeleted":false,"IsACLProtected":false,"Properties":{"domain":"VULNNET.LOCAL","name":"RAS AND IAS SERVERS ACCESS CHECK@VULNNET.LOCAL","distinguishedname":"CN=RAS AND IAS SERVERS ACCESS CHECK,CN=SYSTEM,DC=VULNNET,DC=LOCAL","domainsid":"S-1-5-21-1405206085-1650434706-76331420","highvalue":false}},{"ChildObjects":[],"Aces":[{"PrincipalSID":"S-1-5-21-1405206085-1650434706-76331420-512","PrincipalType":"Group","RightName":"Owns","IsInherited":false},{"PrincipalSID":"S-1-5-21-1405206085-1650434706-76331420-512","PrincipalType":"Group","RightName":"WriteDacl","IsInherited":false},{"PrincipalSID":"S-1-5-21-1405206085-1650434706-76331420-512","PrincipalType":"Group","RightName":"WriteOwner","IsInherited":false},{"PrincipalSID":"S-1-5-21-1405206085-1650434706-76331420-519","PrincipalType":"Group","RightName":"GenericAll","IsInherited":true},{"PrincipalSID":"VULNNET.LOCAL-S-1-5-32-544","PrincipalType":"Group","RightName":"WriteDacl","IsInherited":true},{"PrincipalSID":"VULNNET.LOCAL-S-1-5-32-544","PrincipalType":"Group","RightName":"WriteOwner","IsInherited":true}],"ObjectIdentifier":"2FA183AC-6B01-4338-98CC-FD927BD5049B","IsDeleted":false,"IsACLProtected":false,"Properties":{"domain":"VULNNET.LOCAL","name":"RPCSERVICES@VULNNET.LOCAL","distinguishedname":"CN=RPCSERVICES,CN=SYSTEM,DC=VULNNET,DC=LOCAL","domainsid":"S-1-5-21-1405206085-1650434706-76331420","highvalue":false}},{"ChildObjects":[],"Aces":[{"PrincipalSID":"S-1-5-21-1405206085-1650434706-76331420-512","PrincipalType":"Group","RightName":"Owns","IsInherited":false},{"PrincipalSID":"S-1-5-21-1405206085-1650434706-76331420-512","PrincipalType":"Group","RightName":"WriteDacl","IsInherited":false},{"PrincipalSID":"S-1-5-21-1405206085-1650434706-76331420-512","PrincipalType":"Group","RightName":"WriteOwner","IsInherited":false},{"PrincipalSID":"S-1-5-21-1405206085-1650434706-76331420-519","PrincipalType":"Group","RightName":"GenericAll","IsInherited":true},{"PrincipalSID":"VULNNET.LOCAL-S-1-5-32-544","PrincipalType":"Group","RightName":"WriteDacl","IsInherited":true},{"PrincipalSID":"VULNNET.LOCAL-S-1-5-32-544","PrincipalType":"Group","RightName":"WriteOwner","IsInherited":true}],"ObjectIdentifier":"3EDE6E50-DC5F-47B0-B91B-A135820929DF","IsDeleted":false,"IsACLProtected":false,"Properties":{"domain":"VULNNET.LOCAL","name":"COMPARTITIONS@VULNNET.LOCAL","distinguishedname":"CN=COMPARTITIONS,CN=SYSTEM,DC=VULNNET,DC=LOCAL","domainsid":"S-1-5-21-1405206085-1650434706-76331420","highvalue":false}},{"ChildObjects":[],"Aces":[{"PrincipalSID":"S-1-5-21-1405206085-1650434706-76331420-512","PrincipalType":"Group","RightName":"Owns","IsInherited":false},{"PrincipalSID":"S-1-5-21-1405206085-1650434706-76331420-512","PrincipalType":"Group","RightName":"WriteDacl","IsInherited":false},{"PrincipalSID":"S-1-5-21-1405206085-1650434706-76331420-512","PrincipalType":"Group","RightName":"WriteOwner","IsInherited":false},{"PrincipalSID":"S-1-5-21-1405206085-1650434706-76331420-519","PrincipalType":"Group","RightName":"GenericAll","IsInherited":true},{"PrincipalSID":"VULNNET.LOCAL-S-1-5-32-544","PrincipalType":"Group","RightName":"WriteDacl","IsInherited":true},{"PrincipalSID":"VULNNET.LOCAL-S-1-5-32-544","PrincipalType":"Group","RightName":"WriteOwner","IsInherited":true}],"ObjectIdentifier":"613BFD16-FF52-4A05-BE57-9E0D7234779C","IsDeleted":false,"IsACLProtected":false,"Properties":{"domain":"VULNNET.LOCAL","name":"WINSOCKSERVICES@VULNNET.LOCAL","distinguishedname":"CN=WINSOCKSERVICES,CN=SYSTEM,DC=VULNNET,DC=LOCAL","domainsid":"S-1-5-21-1405206085-1650434706-76331420","highvalue":false}},{"ChildObjects":[],"Aces":[{"PrincipalSID":"S-1-5-21-1405206085-1650434706-76331420-512","PrincipalType":"Group","RightName":"Owns","IsInherited":false},{"PrincipalSID":"S-1-5-21-1405206085-1650434706-76331420-512","PrincipalType":"Group","RightName":"WriteDacl","IsInherited":false},{"PrincipalSID":"S-1-5-21-1405206085-1650434706-76331420-512","PrincipalType":"Group","RightName":"WriteOwner","IsInherited":false},{"PrincipalSID":"S-1-5-21-1405206085-1650434706-76331420-519","PrincipalType":"Group","RightName":"GenericAll","IsInherited":true},{"PrincipalSID":"VULNNET.LOCAL-S-1-5-32-544","PrincipalType":"Group","RightName":"WriteDacl","IsInherited":true},{"PrincipalSID":"VULNNET.LOCAL-S-1-5-32-544","PrincipalType":"Group","RightName":"WriteOwner","IsInherited":true}],"ObjectIdentifier":"9F486AC7-9D34-4D89-A700-5050B3D581EF","IsDeleted":false,"IsACLProtected":false,"Properties":{"domain":"VULNNET.LOCAL","name":"POLICIES@VULNNET.LOCAL","distinguishedname":"CN=POLICIES,CN=SYSTEM,DC=VULNNET,DC=LOCAL","domainsid":"S-1-5-21-1405206085-1650434706-76331420","highvalue":false}},{"ChildObjects":[],"Aces":[{"PrincipalSID":"S-1-5-21-1405206085-1650434706-76331420-512","PrincipalType":"Group","RightName":"Owns","IsInherited":false},{"PrincipalSID":"S-1-5-21-1405206085-1650434706-76331420-512","PrincipalType":"Group","RightName":"WriteDacl","IsInherited":false},{"PrincipalSID":"S-1-5-21-1405206085-1650434706-76331420-512","PrincipalType":"Group","RightName":"WriteOwner","IsInherited":false},{"PrincipalSID":"S-1-5-21-1405206085-1650434706-76331420-519","PrincipalType":"Group","RightName":"GenericAll","IsInherited":true},{"PrincipalSID":"VULNNET.LOCAL-S-1-5-32-544","PrincipalType":"Group","RightName":"WriteDacl","IsInherited":true},{"PrincipalSID":"VULNNET.LOCAL-S-1-5-32-544","PrincipalType":"Group","RightName":"WriteOwner","IsInherited":true}],"ObjectIdentifier":"5220DA83-4139-4DA7-B317-CC95D6511287","IsDeleted":false,"IsACLProtected":false,"Properties":{"domain":"VULNNET.LOCAL","name":"MANAGED SERVICE ACCOUNTS@VULNNET.LOCAL","distinguishedname":"CN=MANAGED SERVICE ACCOUNTS,DC=VULNNET,DC=LOCAL","domainsid":"S-1-5-21-1405206085-1650434706-76331420","highvalue":false}},{"ChildObjects":[{"ObjectIdentifier":"S-1-5-21-1405206085-1650434706-76331420-500","ObjectType":"User"},{"ObjectIdentifier":"S-1-5-21-1405206085-1650434706-76331420-571","ObjectType":"Group"},{"ObjectIdentifier":"S-1-5-21-1405206085-1650434706-76331420-517","ObjectType":"Group"},{"ObjectIdentifier":"S-1-5-21-1405206085-1650434706-76331420-522","ObjectType":"Group"},{"ObjectIdentifier":"S-1-5-21-1405206085-1650434706-76331420-572","ObjectType":"Group"},{"ObjectIdentifier":"S-1-5-21-1405206085-1650434706-76331420-1101","ObjectType":"Group"},{"ObjectIdentifier":"S-1-5-21-1405206085-1650434706-76331420-1102","ObjectType":"Group"},{"ObjectIdentifier":"S-1-5-21-1405206085-1650434706-76331420-512","ObjectType":"Group"},{"ObjectIdentifier":"S-1-5-21-1405206085-1650434706-76331420-515","ObjectType":"Group"},{"ObjectIdentifier":"S-1-5-21-1405206085-1650434706-76331420-516","ObjectType":"Group"},{"ObjectIdentifier":"S-1-5-21-1405206085-1650434706-76331420-514","ObjectType":"Group"},{"ObjectIdentifier":"S-1-5-21-1405206085-1650434706-76331420-513","ObjectType":"Group"},{"ObjectIdentifier":"S-1-5-21-1405206085-1650434706-76331420-519","ObjectType":"Group"},{"ObjectIdentifier":"S-1-5-21-1405206085-1650434706-76331420-527","ObjectType":"Group"},{"ObjectIdentifier":"S-1-5-21-1405206085-1650434706-76331420-498","ObjectType":"Group"},{"ObjectIdentifier":"S-1-5-21-1405206085-1650434706-76331420-1103","ObjectType":"User"},{"ObjectIdentifier":"S-1-5-21-1405206085-1650434706-76331420-520","ObjectType":"Group"},{"ObjectIdentifier":"S-1-5-21-1405206085-1650434706-76331420-501","ObjectType":"User"},{"ObjectIdentifier":"S-1-5-21-1405206085-1650434706-76331420-1104","ObjectType":"User"},{"ObjectIdentifier":"S-1-5-21-1405206085-1650434706-76331420-526","ObjectType":"Group"},{"ObjectIdentifier":"S-1-5-21-1405206085-1650434706-76331420-502","ObjectType":"User"},{"ObjectIdentifier":"S-1-5-21-1405206085-1650434706-76331420-525","ObjectType":"Group"},{"ObjectIdentifier":"S-1-5-21-1405206085-1650434706-76331420-553","ObjectType":"Group"},{"ObjectIdentifier":"S-1-5-21-1405206085-1650434706-76331420-521","ObjectType":"Group"},{"ObjectIdentifier":"S-1-5-21-1405206085-1650434706-76331420-518","ObjectType":"Group"},{"ObjectIdentifier":"S-1-5-21-1405206085-1650434706-76331420-1105","ObjectType":"User"}],"Aces":[{"PrincipalSID":"S-1-5-21-1405206085-1650434706-76331420-512","PrincipalType":"Group","RightName":"Owns","IsInherited":false},{"PrincipalSID":"S-1-5-21-1405206085-1650434706-76331420-512","PrincipalType":"Group","RightName":"WriteDacl","IsInherited":false},{"PrincipalSID":"S-1-5-21-1405206085-1650434706-76331420-512","PrincipalType":"Group","RightName":"WriteOwner","IsInherited":false},{"PrincipalSID":"S-1-5-21-1405206085-1650434706-76331420-519","PrincipalType":"Group","RightName":"GenericAll","IsInherited":true},{"PrincipalSID":"VULNNET.LOCAL-S-1-5-32-544","PrincipalType":"Group","RightName":"WriteDacl","IsInherited":true},{"PrincipalSID":"VULNNET.LOCAL-S-1-5-32-544","PrincipalType":"Group","RightName":"WriteOwner","IsInherited":true}],"ObjectIdentifier":"45E20DF3-AC16-40B3-8302-654C4465454E","IsDeleted":false,"IsACLProtected":false,"Properties":{"domain":"VULNNET.LOCAL","name":"USERS@VULNNET.LOCAL","distinguishedname":"CN=USERS,DC=VULNNET,DC=LOCAL","domainsid":"S-1-5-21-1405206085-1650434706-76331420","highvalue":false}}],"meta":{"methods":29675,"type":"containers","count":21,"version":4}}