﻿{"data":[{"Links":[{"IsEnforced":false,"GUID":"71EE1493-0079-40B4-80F0-8BA42C4F61D5"}],"ChildObjects":[{"ObjectIdentifier":"S-1-5-21-1405206085-1650434706-76331420-1000","ObjectType":"Computer"}],"Aces":[{"PrincipalSID":"S-1-5-21-1405206085-1650434706-76331420-512","PrincipalType":"Group","RightName":"Owns","IsInherited":false},{"PrincipalSID":"S-1-5-21-1405206085-1650434706-76331420-512","PrincipalType":"Group","RightName":"WriteDacl","IsInherited":false},{"PrincipalSID":"S-1-5-21-1405206085-1650434706-76331420-512","PrincipalType":"Group","RightName":"WriteOwner","IsInherited":false},{"PrincipalSID":"S-1-5-21-1405206085-1650434706-76331420-519","PrincipalType":"Group","RightName":"GenericAll","IsInherited":true},{"PrincipalSID":"VULNNET.LOCAL-S-1-5-32-544","PrincipalType":"Group","RightName":"WriteDacl","IsInherited":true},{"PrincipalSID":"VULNNET.LOCAL-S-1-5-32-544","PrincipalType":"Group","RightName":"WriteOwner","IsInherited":true}],"ObjectIdentifier":"34B738D9-7101-49B8-BF02-DA659A2E2F00","IsDeleted":false,"IsACLProtected":false,"GPOChanges":{"LocalAdmins":[],"RemoteDesktopUsers":[],"DcomUsers":[],"PSRemoteUsers":[],"AffectedComputers":[]},"Properties":{"domain":"VULNNET.LOCAL","name":"DOMAIN CONTROLLERS@VULNNET.LOCAL","distinguishedname":"OU=DOMAIN CONTROLLERS,DC=VULNNET,DC=LOCAL","domainsid":"S-1-5-21-1405206085-1650434706-76331420","highvalue":false,"description":"Default container for domain controllers","whencreated":1614043833,"blocksinheritance":false}}],"meta":{"methods":29675,"type":"ous","count":1,"version":4}}